"FilmID","TheatreID","SessionID","ScreenTitle","ScreenTrailer","ScreenPoster","ScreenDate","ScreenTimestamp","ScreenTime","ScreenTicketLink","ScreenGenre","ScreenRuntime","ScreenTheatre"
"tt0078797","f-0100003446","30410","ARREBATO (1979)","https://www.youtube.com/watch?v=THr0r_mHXKU","//silver.afi.com/CDN/media/entity/get/FilmPosterGraphic/f-0100003446?width=121&height=180&referenceScheme=Global&allowPlaceHolder=true","Monday, June 20, 2022","2022-06-20T21:20:00","09:20 PM","//silver.afi.com/Ticketing/visSelectTickets.aspx?cinemacode=1001&txtSessionId=30410&visLang=1","Horror drama","115 Minutes","AFI - AFI Silver 2"
"tt0078797","f-0100003446","30411","ARREBATO (1979)","https://www.youtube.com/watch?v=THr0r_mHXKU","//silver.afi.com/CDN/media/entity/get/FilmPosterGraphic/f-0100003446?width=121&height=180&referenceScheme=Global&allowPlaceHolder=true","Monday, June 20, 2022","2022-06-21T21:20:00","09:20 PM","//silver.afi.com/Ticketing/visSelectTickets.aspx?cinemacode=1001&txtSessionId=30411&visLang=1","Horror drama","115 Minutes","AFI - AFI Silver 2"
"tt0078797","f-0100003446","30412","ARREBATO (1979)","https://www.youtube.com/watch?v=THr0r_mHXKU","//silver.afi.com/CDN/media/entity/get/FilmPosterGraphic/f-0100003446?width=121&height=180&referenceScheme=Global&allowPlaceHolder=true","Monday, June 20, 2022","2022-06-22T21:20:00","09:20 PM","//silver.afi.com/Ticketing/visSelectTickets.aspx?cinemacode=1001&txtSessionId=30412&visLang=1","Horror drama","115 Minutes","AFI - AFI Silver 2"
"tt0078797","f-0100003446","30413","ARREBATO (1979)","https://www.youtube.com/watch?v=THr0r_mHXKU","//silver.afi.com/CDN/media/entity/get/FilmPosterGraphic/f-0100003446?width=121&height=180&referenceScheme=Global&allowPlaceHolder=true","Monday, June 20, 2022","2022-06-23T21:20:00","09:20 PM","//silver.afi.com/Ticketing/visSelectTickets.aspx?cinemacode=1001&txtSessionId=30413&visLang=1","Horror drama","115 Minutes","AFI - AFI Silver 3"
"tt11772786","f-0100003539","30994","BETWEEN DOG AND WOLF","https://www.youtube.com/watch?v=ZAxH0O45gM8","//silver.afi.com/CDN/media/entity/get/FilmPosterGraphic/f-0100003539?width=121&height=180&referenceScheme=Global&allowPlaceHolder=true","Sunday, June 19, 2022","2022-06-19T18:00:00","06:00 PM","//silver.afi.com/Ticketing/visSelectTickets.aspx?cinemacode=1001&txtSessionId=30994&visLang=1","Docu-drama","75 Minutes","AFI - AFI Silver 1"
"tt0064111","f-0100003445","30396","BRONCO BULLFROG","https://www.youtube.com/watch?v=fW8SRdee-j0","//silver.afi.com/CDN/media/entity/get/FilmPosterGraphic/f-0100003445?width=121&height=180&referenceScheme=Global&allowPlaceHolder=true","Saturday, June 18, 2022","2022-06-18T13:20:00","01:20 PM","//silver.afi.com/Ticketing/visSelectTickets.aspx?cinemacode=1001&txtSessionId=30396&visLang=1","Drama","87 Minutes","AFI - AFI Silver 1"
"tt0064111","f-0100003445","31243","BRONCO BULLFROG","https://www.youtube.com/watch?v=fW8SRdee-j0","//silver.afi.com/CDN/media/entity/get/FilmPosterGraphic/f-0100003445?width=121&height=180&referenceScheme=Global&allowPlaceHolder=true","Saturday, June 18, 2022","2022-06-19T19:15:00","07:15 PM","//silver.afi.com/Ticketing/visSelectTickets.aspx?cinemacode=1001&txtSessionId=31243&visLang=1","Drama","87 Minutes","AFI - AFI Silver 2"
"tt0064111","f-0100003445","30397","BRONCO BULLFROG","https://www.youtube.com/watch?v=fW8SRdee-j0","//silver.afi.com/CDN/media/entity/get/FilmPosterGraphic/f-0100003445?width=121&height=180&referenceScheme=Global&allowPlaceHolder=true","Saturday, June 18, 2022","2022-06-19T21:45:00","09:45 PM","//silver.afi.com/Ticketing/visSelectTickets.aspx?cinemacode=1001&txtSessionId=30397&visLang=1","Drama","87 Minutes","AFI - AFI Silver 1"
"tt0064111","f-0100003445","30398","BRONCO BULLFROG","https://www.youtube.com/watch?v=fW8SRdee-j0","//silver.afi.com/CDN/media/entity/get/FilmPosterGraphic/f-0100003445?width=121&height=180&referenceScheme=Global&allowPlaceHolder=true","Saturday, June 18, 2022","2022-06-20T21:45:00","09:45 PM","//silver.afi.com/Ticketing/visSelectTickets.aspx?cinemacode=1001&txtSessionId=30398&visLang=1","Drama","87 Minutes","AFI - AFI Silver 1"
"tt0064111","f-0100003445","30399","BRONCO BULLFROG","https://www.youtube.com/watch?v=fW8SRdee-j0","//silver.afi.com/CDN/media/entity/get/FilmPosterGraphic/f-0100003445?width=121&height=180&referenceScheme=Global&allowPlaceHolder=true","Saturday, June 18, 2022","2022-06-21T12:15:00","12:15 PM","//silver.afi.com/Ticketing/visSelectTickets.aspx?cinemacode=1001&txtSessionId=30399&visLang=1","Drama","87 Minutes","AFI - AFI Silver 1"
"tt0064111","f-0100003445","30400","BRONCO BULLFROG","https://www.youtube.com/watch?v=fW8SRdee-j0","//silver.afi.com/CDN/media/entity/get/FilmPosterGraphic/f-0100003445?width=121&height=180&referenceScheme=Global&allowPlaceHolder=true","Saturday, June 18, 2022","2022-06-21T21:45:00","09:45 PM","//silver.afi.com/Ticketing/visSelectTickets.aspx?cinemacode=1001&txtSessionId=30400&visLang=1","Drama","87 Minutes","AFI - AFI Silver 1"
"tt0064111","f-0100003445","30401","BRONCO BULLFROG","https://www.youtube.com/watch?v=fW8SRdee-j0","//silver.afi.com/CDN/media/entity/get/FilmPosterGraphic/f-0100003445?width=121&height=180&referenceScheme=Global&allowPlaceHolder=true","Saturday, June 18, 2022","2022-06-22T12:15:00","12:15 PM","//silver.afi.com/Ticketing/visSelectTickets.aspx?cinemacode=1001&txtSessionId=30401&visLang=1","Drama","87 Minutes","AFI - AFI Silver 1"
"tt0064111","f-0100003445","30402","BRONCO BULLFROG","https://www.youtube.com/watch?v=fW8SRdee-j0","//silver.afi.com/CDN/media/entity/get/FilmPosterGraphic/f-0100003445?width=121&height=180&referenceScheme=Global&allowPlaceHolder=true","Saturday, June 18, 2022","2022-06-23T12:15:00","12:15 PM","//silver.afi.com/Ticketing/visSelectTickets.aspx?cinemacode=1001&txtSessionId=30402&visLang=1","Drama","87 Minutes","AFI - AFI Silver 1"
"tt0064111","f-0100003445","30403","BRONCO BULLFROG","https://www.youtube.com/watch?v=fW8SRdee-j0","//silver.afi.com/CDN/media/entity/get/FilmPosterGraphic/f-0100003445?width=121&height=180&referenceScheme=Global&allowPlaceHolder=true","Saturday, June 18, 2022","2022-06-23T21:45:00","09:45 PM","//silver.afi.com/Ticketing/visSelectTickets.aspx?cinemacode=1001&txtSessionId=30403&visLang=1","Drama","87 Minutes","AFI - AFI Silver 2"
"tt0068323","f-0100003507","30766","BUCK AND THE PREACHER","https://www.youtube.com/watch?v=r-24cY5PjSI","//silver.afi.com/CDN/media/entity/get/FilmPosterGraphic/f-0100003507?width=121&height=180&referenceScheme=Global&allowPlaceHolder=true","Monday, June 20, 2022","2022-06-20T12:00:00","12:00 PM","//silver.afi.com/Ticketing/visSelectTickets.aspx?cinemacode=1001&txtSessionId=30766&visLang=1","Western","102 Minutes","AFI - AFI Silver 1"
"tt0068323","f-0100003507","30767","BUCK AND THE PREACHER","https://www.youtube.com/watch?v=r-24cY5PjSI","//silver.afi.com/CDN/media/entity/get/FilmPosterGraphic/f-0100003507?width=121&height=180&referenceScheme=Global&allowPlaceHolder=true","Monday, June 20, 2022","2022-06-21T14:15:00","02:15 PM","//silver.afi.com/Ticketing/visSelectTickets.aspx?cinemacode=1001&txtSessionId=30767&visLang=1","Western","102 Minutes","AFI - AFI Silver 1"
"tt0068323","f-0100003507","30768","BUCK AND THE PREACHER","https://www.youtube.com/watch?v=r-24cY5PjSI","//silver.afi.com/CDN/media/entity/get/FilmPosterGraphic/f-0100003507?width=121&height=180&referenceScheme=Global&allowPlaceHolder=true","Monday, June 20, 2022","2022-06-23T14:15:00","02:15 PM","//silver.afi.com/Ticketing/visSelectTickets.aspx?cinemacode=1001&txtSessionId=30768&visLang=1","Western","102 Minutes","AFI - AFI Silver 1"
"tt0068323","f-0100003507","30769","BUCK AND THE PREACHER","https://www.youtube.com/watch?v=r-24cY5PjSI","//silver.afi.com/CDN/media/entity/get/FilmPosterGraphic/f-0100003507?width=121&height=180&referenceScheme=Global&allowPlaceHolder=true","Monday, June 20, 2022","2022-06-23T19:10:00","07:10 PM","//silver.afi.com/Ticketing/visSelectTickets.aspx?cinemacode=1001&txtSessionId=30769&visLang=1","Western","102 Minutes","AFI - AFI Silver 3"
"tt0066921","f-0100002035","30404","CLOCKWORK ORANGE, A","https://www.youtube.com/watch?v=T54uZPI4Z8A","//silver.afi.com/CDN/media/entity/get/FilmPosterGraphic/f-0100002035?width=121&height=180&referenceScheme=Global&allowPlaceHolder=true","Friday, June 17, 2022","2022-06-17T21:20:00","09:20 PM","//silver.afi.com/Ticketing/visSelectTickets.aspx?cinemacode=1001&txtSessionId=30404&visLang=1","Sci-fi drama","136 Minutes","AFI - AFI Silver 2"
"tt0066921","f-0100002035","31240","CLOCKWORK ORANGE, A","https://www.youtube.com/watch?v=T54uZPI4Z8A","//silver.afi.com/CDN/media/entity/get/FilmPosterGraphic/f-0100002035?width=121&height=180&referenceScheme=Global&allowPlaceHolder=true","Friday, June 17, 2022","2022-06-18T18:30:00","06:30 PM","//silver.afi.com/Ticketing/visSelectTickets.aspx?cinemacode=1001&txtSessionId=31240&visLang=1","Sci-fi drama","136 Minutes","AFI - AFI Silver 2"
"tt0066921","f-0100002035","30405","CLOCKWORK ORANGE, A","https://www.youtube.com/watch?v=T54uZPI4Z8A","//silver.afi.com/CDN/media/entity/get/FilmPosterGraphic/f-0100002035?width=121&height=180&referenceScheme=Global&allowPlaceHolder=true","Friday, June 17, 2022","2022-06-18T21:20:00","09:20 PM","//silver.afi.com/Ticketing/visSelectTickets.aspx?cinemacode=1001&txtSessionId=30405&visLang=1","Sci-fi drama","136 Minutes","AFI - AFI Silver 2"
"tt0066921","f-0100002035","30406","CLOCKWORK ORANGE, A","https://www.youtube.com/watch?v=T54uZPI4Z8A","//silver.afi.com/CDN/media/entity/get/FilmPosterGraphic/f-0100002035?width=121&height=180&referenceScheme=Global&allowPlaceHolder=true","Friday, June 17, 2022","2022-06-19T21:20:00","09:20 PM","//silver.afi.com/Ticketing/visSelectTickets.aspx?cinemacode=1001&txtSessionId=30406&visLang=1","Sci-fi drama","136 Minutes","AFI - AFI Silver 2"
"tt0066921","f-0100002035","30407","CLOCKWORK ORANGE, A","https://www.youtube.com/watch?v=T54uZPI4Z8A","//silver.afi.com/CDN/media/entity/get/FilmPosterGraphic/f-0100002035?width=121&height=180&referenceScheme=Global&allowPlaceHolder=true","Friday, June 17, 2022","2022-06-20T19:00:00","07:00 PM","//silver.afi.com/Ticketing/visSelectTickets.aspx?cinemacode=1001&txtSessionId=30407&visLang=1","Sci-fi drama","136 Minutes","AFI - AFI Silver 1"
"tt0066921","f-0100002035","30408","CLOCKWORK ORANGE, A","https://www.youtube.com/watch?v=T54uZPI4Z8A","//silver.afi.com/CDN/media/entity/get/FilmPosterGraphic/f-0100002035?width=121&height=180&referenceScheme=Global&allowPlaceHolder=true","Friday, June 17, 2022","2022-06-21T19:00:00","07:00 PM","//silver.afi.com/Ticketing/visSelectTickets.aspx?cinemacode=1001&txtSessionId=30408&visLang=1","Sci-fi drama","136 Minutes","AFI - AFI Silver 1"
"tt0066921","f-0100002035","30409","CLOCKWORK ORANGE, A","https://www.youtube.com/watch?v=T54uZPI4Z8A","//silver.afi.com/CDN/media/entity/get/FilmPosterGraphic/f-0100002035?width=121&height=180&referenceScheme=Global&allowPlaceHolder=true","Friday, June 17, 2022","2022-06-23T19:00:00","07:00 PM","//silver.afi.com/Ticketing/visSelectTickets.aspx?cinemacode=1001&txtSessionId=30409&visLang=1","Sci-fi drama","136 Minutes","AFI - AFI Silver 2"
NA,"f-0100002054","31135","Count Gore de Vol presents CREEPSHOW (1982)","https://www.youtube.com/watch?v=owdnnaNs2RI","//silver.afi.com/CDN/media/entity/get/FilmPosterGraphic/f-0100002054?width=121&height=180&referenceScheme=Global&allowPlaceHolder=true","Saturday, August 06, 2022","2022-08-06T18:30:00","06:30 PM","//silver.afi.com/Ticketing/visSelectTickets.aspx?cinemacode=1001&txtSessionId=31135&visLang=1","Horror comedy","150 Minutes","AFI - AFI Silver 1"
"tt14549466","f-0100003519","31231","CRIMES OF THE FUTURE (2022)","https://www.youtube.com/watch?v=v_bbLcJAHEo","//silver.afi.com/CDN/media/entity/get/FilmPosterGraphic/f-0100003519?width=121&height=180&referenceScheme=Global&allowPlaceHolder=true","Saturday, June 18, 2022","2022-06-18T14:40:00","02:40 PM","//silver.afi.com/Ticketing/visSelectTickets.aspx?cinemacode=1001&txtSessionId=31231&visLang=1","Sci-fi horror","107 Minutes","AFI - AFI Silver 3"
"tt14549466","f-0100003519","31232","CRIMES OF THE FUTURE (2022)","https://www.youtube.com/watch?v=v_bbLcJAHEo","//silver.afi.com/CDN/media/entity/get/FilmPosterGraphic/f-0100003519?width=121&height=180&referenceScheme=Global&allowPlaceHolder=true","Saturday, June 18, 2022","2022-06-18T19:10:00","07:10 PM","//silver.afi.com/Ticketing/visSelectTickets.aspx?cinemacode=1001&txtSessionId=31232&visLang=1","Sci-fi horror","107 Minutes","AFI - AFI Silver 3"
"tt14549466","f-0100003519","31236","CRIMES OF THE FUTURE (2022)","https://www.youtube.com/watch?v=v_bbLcJAHEo","//silver.afi.com/CDN/media/entity/get/FilmPosterGraphic/f-0100003519?width=121&height=180&referenceScheme=Global&allowPlaceHolder=true","Saturday, June 18, 2022","2022-06-19T14:40:00","02:40 PM","//silver.afi.com/Ticketing/visSelectTickets.aspx?cinemacode=1001&txtSessionId=31236&visLang=1","Sci-fi horror","107 Minutes","AFI - AFI Silver 3"
"tt14549466","f-0100003519","31237","CRIMES OF THE FUTURE (2022)","https://www.youtube.com/watch?v=v_bbLcJAHEo","//silver.afi.com/CDN/media/entity/get/FilmPosterGraphic/f-0100003519?width=121&height=180&referenceScheme=Global&allowPlaceHolder=true","Saturday, June 18, 2022","2022-06-19T19:10:00","07:10 PM","//silver.afi.com/Ticketing/visSelectTickets.aspx?cinemacode=1001&txtSessionId=31237&visLang=1","Sci-fi horror","107 Minutes","AFI - AFI Silver 3"
"tt14549466","f-0100003519","31250","CRIMES OF THE FUTURE (2022)","https://www.youtube.com/watch?v=v_bbLcJAHEo","//silver.afi.com/CDN/media/entity/get/FilmPosterGraphic/f-0100003519?width=121&height=180&referenceScheme=Global&allowPlaceHolder=true","Saturday, June 18, 2022","2022-06-20T14:40:00","02:40 PM","//silver.afi.com/Ticketing/visSelectTickets.aspx?cinemacode=1001&txtSessionId=31250&visLang=1","Sci-fi horror","107 Minutes","AFI - AFI Silver 3"
"tt14549466","f-0100003519","31246","CRIMES OF THE FUTURE (2022)","https://www.youtube.com/watch?v=v_bbLcJAHEo","//silver.afi.com/CDN/media/entity/get/FilmPosterGraphic/f-0100003519?width=121&height=180&referenceScheme=Global&allowPlaceHolder=true","Saturday, June 18, 2022","2022-06-20T18:45:00","06:45 PM","//silver.afi.com/Ticketing/visSelectTickets.aspx?cinemacode=1001&txtSessionId=31246&visLang=1","Sci-fi horror","107 Minutes","AFI - AFI Silver 2"
"tt14549466","f-0100003519","31251","CRIMES OF THE FUTURE (2022)","https://www.youtube.com/watch?v=v_bbLcJAHEo","//silver.afi.com/CDN/media/entity/get/FilmPosterGraphic/f-0100003519?width=121&height=180&referenceScheme=Global&allowPlaceHolder=true","Saturday, June 18, 2022","2022-06-20T21:25:00","09:25 PM","//silver.afi.com/Ticketing/visSelectTickets.aspx?cinemacode=1001&txtSessionId=31251&visLang=1","Sci-fi horror","107 Minutes","AFI - AFI Silver 3"
"tt14549466","f-0100003519","31254","CRIMES OF THE FUTURE (2022)","https://www.youtube.com/watch?v=v_bbLcJAHEo","//silver.afi.com/CDN/media/entity/get/FilmPosterGraphic/f-0100003519?width=121&height=180&referenceScheme=Global&allowPlaceHolder=true","Saturday, June 18, 2022","2022-06-21T14:40:00","02:40 PM","//silver.afi.com/Ticketing/visSelectTickets.aspx?cinemacode=1001&txtSessionId=31254&visLang=1","Sci-fi horror","107 Minutes","AFI - AFI Silver 2"
"tt14549466","f-0100003519","31257","CRIMES OF THE FUTURE (2022)","https://www.youtube.com/watch?v=v_bbLcJAHEo","//silver.afi.com/CDN/media/entity/get/FilmPosterGraphic/f-0100003519?width=121&height=180&referenceScheme=Global&allowPlaceHolder=true","Saturday, June 18, 2022","2022-06-21T21:25:00","09:25 PM","//silver.afi.com/Ticketing/visSelectTickets.aspx?cinemacode=1001&txtSessionId=31257&visLang=1","Sci-fi horror","107 Minutes","AFI - AFI Silver 3"
"tt14549466","f-0100003519","31263","CRIMES OF THE FUTURE (2022)","https://www.youtube.com/watch?v=v_bbLcJAHEo","//silver.afi.com/CDN/media/entity/get/FilmPosterGraphic/f-0100003519?width=121&height=180&referenceScheme=Global&allowPlaceHolder=true","Saturday, June 18, 2022","2022-06-22T14:40:00","02:40 PM","//silver.afi.com/Ticketing/visSelectTickets.aspx?cinemacode=1001&txtSessionId=31263&visLang=1","Sci-fi horror","107 Minutes","AFI - AFI Silver 3"
"tt14549466","f-0100003519","31264","CRIMES OF THE FUTURE (2022)","https://www.youtube.com/watch?v=v_bbLcJAHEo","//silver.afi.com/CDN/media/entity/get/FilmPosterGraphic/f-0100003519?width=121&height=180&referenceScheme=Global&allowPlaceHolder=true","Saturday, June 18, 2022","2022-06-22T21:25:00","09:25 PM","//silver.afi.com/Ticketing/visSelectTickets.aspx?cinemacode=1001&txtSessionId=31264&visLang=1","Sci-fi horror","107 Minutes","AFI - AFI Silver 3"
"tt14549466","f-0100003519","31269","CRIMES OF THE FUTURE (2022)","https://www.youtube.com/watch?v=v_bbLcJAHEo","//silver.afi.com/CDN/media/entity/get/FilmPosterGraphic/f-0100003519?width=121&height=180&referenceScheme=Global&allowPlaceHolder=true","Saturday, June 18, 2022","2022-06-23T14:40:00","02:40 PM","//silver.afi.com/Ticketing/visSelectTickets.aspx?cinemacode=1001&txtSessionId=31269&visLang=1","Sci-fi horror","107 Minutes","AFI - AFI Silver 3"
"tt0051525","f-0100003512","30783","DEFIANT ONES, THE","https://www.youtube.com/watch?v=fBrw8dmgarM","//silver.afi.com/CDN/media/entity/get/FilmPosterGraphic/f-0100003512?width=121&height=180&referenceScheme=Global&allowPlaceHolder=true","Saturday, July 02, 2022","2022-07-02T15:20:00","03:20 PM","//silver.afi.com/Ticketing/visSelectTickets.aspx?cinemacode=1001&txtSessionId=30783&visLang=1","Drama","96 Minutes","AFI - AFI Silver 1"
"tt0051525","f-0100003512","30784","DEFIANT ONES, THE","https://www.youtube.com/watch?v=fBrw8dmgarM","//silver.afi.com/CDN/media/entity/get/FilmPosterGraphic/f-0100003512?width=121&height=180&referenceScheme=Global&allowPlaceHolder=true","Saturday, July 02, 2022","2022-07-05T15:00:00","03:00 PM","//silver.afi.com/Ticketing/visSelectTickets.aspx?cinemacode=1001&txtSessionId=30784&visLang=1","Drama","96 Minutes","AFI - AFI Silver 1"
"tt0051525","f-0100003512","30785","DEFIANT ONES, THE","https://www.youtube.com/watch?v=fBrw8dmgarM","//silver.afi.com/CDN/media/entity/get/FilmPosterGraphic/f-0100003512?width=121&height=180&referenceScheme=Global&allowPlaceHolder=true","Saturday, July 02, 2022","2022-07-06T19:00:00","07:00 PM","//silver.afi.com/Ticketing/visSelectTickets.aspx?cinemacode=1001&txtSessionId=30785&visLang=1","Drama","96 Minutes","AFI - AFI Silver 1"
"tt0051525","f-0100003512","30786","DEFIANT ONES, THE","https://www.youtube.com/watch?v=fBrw8dmgarM","//silver.afi.com/CDN/media/entity/get/FilmPosterGraphic/f-0100003512?width=121&height=180&referenceScheme=Global&allowPlaceHolder=true","Saturday, July 02, 2022","2022-07-07T15:00:00","03:00 PM","//silver.afi.com/Ticketing/visSelectTickets.aspx?cinemacode=1001&txtSessionId=30786&visLang=1","Drama","96 Minutes","AFI - AFI Silver 1"
"tt0055913","f-0100003457","30449","DIVORCE ITALIAN STYLE","https://www.youtube.com/watch?v=beMQi5KIYXQ","//silver.afi.com/CDN/media/entity/get/FilmPosterGraphic/f-0100003457?width=121&height=180&referenceScheme=Global&allowPlaceHolder=true","Friday, July 08, 2022","2022-07-08T19:15:00","07:15 PM","//silver.afi.com/Ticketing/visSelectTickets.aspx?cinemacode=1001&txtSessionId=30449&visLang=1","Comedy-drama","105 Minutes","AFI - AFI Silver 1"
"tt0055913","f-0100003457","30450","DIVORCE ITALIAN STYLE","https://www.youtube.com/watch?v=beMQi5KIYXQ","//silver.afi.com/CDN/media/entity/get/FilmPosterGraphic/f-0100003457?width=121&height=180&referenceScheme=Global&allowPlaceHolder=true","Friday, July 08, 2022","2022-07-09T20:15:00","08:15 PM","//silver.afi.com/Ticketing/visSelectTickets.aspx?cinemacode=1001&txtSessionId=30450&visLang=1","Comedy-drama","105 Minutes","AFI - AFI Silver 1"
"tt0055913","f-0100003457","30451","DIVORCE ITALIAN STYLE","https://www.youtube.com/watch?v=beMQi5KIYXQ","//silver.afi.com/CDN/media/entity/get/FilmPosterGraphic/f-0100003457?width=121&height=180&referenceScheme=Global&allowPlaceHolder=true","Friday, July 08, 2022","2022-07-12T14:20:00","02:20 PM","//silver.afi.com/Ticketing/visSelectTickets.aspx?cinemacode=1001&txtSessionId=30451&visLang=1","Comedy-drama","105 Minutes","AFI - AFI Silver 1"
"tt0055913","f-0100003457","30452","DIVORCE ITALIAN STYLE","https://www.youtube.com/watch?v=beMQi5KIYXQ","//silver.afi.com/CDN/media/entity/get/FilmPosterGraphic/f-0100003457?width=121&height=180&referenceScheme=Global&allowPlaceHolder=true","Friday, July 08, 2022","2022-07-12T21:15:00","09:15 PM","//silver.afi.com/Ticketing/visSelectTickets.aspx?cinemacode=1001&txtSessionId=30452&visLang=1","Comedy-drama","105 Minutes","AFI - AFI Silver 1"
"tt0055913","f-0100003457","30453","DIVORCE ITALIAN STYLE","https://www.youtube.com/watch?v=beMQi5KIYXQ","//silver.afi.com/CDN/media/entity/get/FilmPosterGraphic/f-0100003457?width=121&height=180&referenceScheme=Global&allowPlaceHolder=true","Friday, July 08, 2022","2022-07-14T14:50:00","02:50 PM","//silver.afi.com/Ticketing/visSelectTickets.aspx?cinemacode=1001&txtSessionId=30453&visLang=1","Comedy-drama","105 Minutes","AFI - AFI Silver 1"
"tt0055913","f-0100003457","30454","DIVORCE ITALIAN STYLE","https://www.youtube.com/watch?v=beMQi5KIYXQ","//silver.afi.com/CDN/media/entity/get/FilmPosterGraphic/f-0100003457?width=121&height=180&referenceScheme=Global&allowPlaceHolder=true","Friday, July 08, 2022","2022-07-14T21:15:00","09:15 PM","//silver.afi.com/Ticketing/visSelectTickets.aspx?cinemacode=1001&txtSessionId=30454&visLang=1","Comedy-drama","105 Minutes","AFI - AFI Silver 1"
"tt12441478","f-0100003425","30156","EARWIG AND THE WITCH","https://www.youtube.com/watch?v=GcFEdZUY1cQ","//silver.afi.com/CDN/media/entity/get/FilmPosterGraphic/f-0100003425?width=121&height=180&referenceScheme=Global&allowPlaceHolder=true","Saturday, July 09, 2022","2022-07-09T11:00:00","11:00 AM","//silver.afi.com/Ticketing/visSelectTickets.aspx?cinemacode=1001&txtSessionId=30156&visLang=1","Animation, fantasy","83 Minutes","AFI - AFI Silver 1"
"tt12441478","f-0100003425","30157","EARWIG AND THE WITCH","https://www.youtube.com/watch?v=GcFEdZUY1cQ","//silver.afi.com/CDN/media/entity/get/FilmPosterGraphic/f-0100003425?width=121&height=180&referenceScheme=Global&allowPlaceHolder=true","Saturday, July 09, 2022","2022-07-10T11:00:00","11:00 AM","//silver.afi.com/Ticketing/visSelectTickets.aspx?cinemacode=1001&txtSessionId=30157&visLang=1","Animation, fantasy","83 Minutes","AFI - AFI Silver 1"
"tt12441478","f-0100003425","30158","EARWIG AND THE WITCH","https://www.youtube.com/watch?v=GcFEdZUY1cQ","//silver.afi.com/CDN/media/entity/get/FilmPosterGraphic/f-0100003425?width=121&height=180&referenceScheme=Global&allowPlaceHolder=true","Saturday, July 09, 2022","2022-07-11T17:00:00","05:00 PM","//silver.afi.com/Ticketing/visSelectTickets.aspx?cinemacode=1001&txtSessionId=30158&visLang=1","Animation, fantasy","83 Minutes","AFI - AFI Silver 1"
NA,"f-0100003518","31188","ELVIS (2022)","https://www.youtube.com/watch?v=wBDLRvjHVOY","//silver.afi.com/CDN/media/entity/get/FilmPosterGraphic/f-0100003518?width=121&height=180&referenceScheme=Global&allowPlaceHolder=true","Thursday, June 23, 2022","2022-06-23T19:15:00","07:15 PM","//silver.afi.com/Ticketing/visSelectTickets.aspx?cinemacode=1001&txtSessionId=31188&visLang=1","Biography - music","159 Minutes","AFI - AFI Silver 1"
NA,"f-0100003518","31189","ELVIS (2022)","https://www.youtube.com/watch?v=wBDLRvjHVOY","//silver.afi.com/CDN/media/entity/get/FilmPosterGraphic/f-0100003518?width=121&height=180&referenceScheme=Global&allowPlaceHolder=true","Thursday, June 23, 2022","2022-06-24T11:00:00","11:00 AM","//silver.afi.com/Ticketing/visSelectTickets.aspx?cinemacode=1001&txtSessionId=31189&visLang=1","Biography - music","159 Minutes","AFI - AFI Silver 1"
NA,"f-0100003518","31190","ELVIS (2022)","https://www.youtube.com/watch?v=wBDLRvjHVOY","//silver.afi.com/CDN/media/entity/get/FilmPosterGraphic/f-0100003518?width=121&height=180&referenceScheme=Global&allowPlaceHolder=true","Thursday, June 23, 2022","2022-06-24T14:05:00","02:05 PM","//silver.afi.com/Ticketing/visSelectTickets.aspx?cinemacode=1001&txtSessionId=31190&visLang=1","Biography - music","159 Minutes","AFI - AFI Silver 1"
NA,"f-0100003518","31191","ELVIS (2022)","https://www.youtube.com/watch?v=wBDLRvjHVOY","//silver.afi.com/CDN/media/entity/get/FilmPosterGraphic/f-0100003518?width=121&height=180&referenceScheme=Global&allowPlaceHolder=true","Thursday, June 23, 2022","2022-06-24T17:10:00","05:10 PM","//silver.afi.com/Ticketing/visSelectTickets.aspx?cinemacode=1001&txtSessionId=31191&visLang=1","Biography - music","159 Minutes","AFI - AFI Silver 1"
NA,"f-0100003518","31192","ELVIS (2022)","https://www.youtube.com/watch?v=wBDLRvjHVOY","//silver.afi.com/CDN/media/entity/get/FilmPosterGraphic/f-0100003518?width=121&height=180&referenceScheme=Global&allowPlaceHolder=true","Thursday, June 23, 2022","2022-06-24T20:20:00","08:20 PM","//silver.afi.com/Ticketing/visSelectTickets.aspx?cinemacode=1001&txtSessionId=31192&visLang=1","Biography - music","159 Minutes","AFI - AFI Silver 1"
NA,"f-0100003518","31193","ELVIS (2022)","https://www.youtube.com/watch?v=wBDLRvjHVOY","//silver.afi.com/CDN/media/entity/get/FilmPosterGraphic/f-0100003518?width=121&height=180&referenceScheme=Global&allowPlaceHolder=true","Thursday, June 23, 2022","2022-06-25T11:00:00","11:00 AM","//silver.afi.com/Ticketing/visSelectTickets.aspx?cinemacode=1001&txtSessionId=31193&visLang=1","Biography - music","159 Minutes","AFI - AFI Silver 1"
NA,"f-0100003518","31194","ELVIS (2022)","https://www.youtube.com/watch?v=wBDLRvjHVOY","//silver.afi.com/CDN/media/entity/get/FilmPosterGraphic/f-0100003518?width=121&height=180&referenceScheme=Global&allowPlaceHolder=true","Thursday, June 23, 2022","2022-06-25T14:05:00","02:05 PM","//silver.afi.com/Ticketing/visSelectTickets.aspx?cinemacode=1001&txtSessionId=31194&visLang=1","Biography - music","159 Minutes","AFI - AFI Silver 1"
NA,"f-0100003518","31195","ELVIS (2022)","https://www.youtube.com/watch?v=wBDLRvjHVOY","//silver.afi.com/CDN/media/entity/get/FilmPosterGraphic/f-0100003518?width=121&height=180&referenceScheme=Global&allowPlaceHolder=true","Thursday, June 23, 2022","2022-06-25T17:10:00","05:10 PM","//silver.afi.com/Ticketing/visSelectTickets.aspx?cinemacode=1001&txtSessionId=31195&visLang=1","Biography - music","159 Minutes","AFI - AFI Silver 1"
NA,"f-0100003518","31196","ELVIS (2022)","https://www.youtube.com/watch?v=wBDLRvjHVOY","//silver.afi.com/CDN/media/entity/get/FilmPosterGraphic/f-0100003518?width=121&height=180&referenceScheme=Global&allowPlaceHolder=true","Thursday, June 23, 2022","2022-06-25T20:20:00","08:20 PM","//silver.afi.com/Ticketing/visSelectTickets.aspx?cinemacode=1001&txtSessionId=31196&visLang=1","Biography - music","159 Minutes","AFI - AFI Silver 1"
NA,"f-0100003518","31197","ELVIS (2022)","https://www.youtube.com/watch?v=wBDLRvjHVOY","//silver.afi.com/CDN/media/entity/get/FilmPosterGraphic/f-0100003518?width=121&height=180&referenceScheme=Global&allowPlaceHolder=true","Thursday, June 23, 2022","2022-06-26T11:00:00","11:00 AM","//silver.afi.com/Ticketing/visSelectTickets.aspx?cinemacode=1001&txtSessionId=31197&visLang=1","Biography - music","159 Minutes","AFI - AFI Silver 1"
NA,"f-0100003518","31198","ELVIS (2022)","https://www.youtube.com/watch?v=wBDLRvjHVOY","//silver.afi.com/CDN/media/entity/get/FilmPosterGraphic/f-0100003518?width=121&height=180&referenceScheme=Global&allowPlaceHolder=true","Thursday, June 23, 2022","2022-06-26T14:05:00","02:05 PM","//silver.afi.com/Ticketing/visSelectTickets.aspx?cinemacode=1001&txtSessionId=31198&visLang=1","Biography - music","159 Minutes","AFI - AFI Silver 1"
NA,"f-0100003518","31199","ELVIS (2022)","https://www.youtube.com/watch?v=wBDLRvjHVOY","//silver.afi.com/CDN/media/entity/get/FilmPosterGraphic/f-0100003518?width=121&height=180&referenceScheme=Global&allowPlaceHolder=true","Thursday, June 23, 2022","2022-06-26T17:10:00","05:10 PM","//silver.afi.com/Ticketing/visSelectTickets.aspx?cinemacode=1001&txtSessionId=31199&visLang=1","Biography - music","159 Minutes","AFI - AFI Silver 1"
NA,"f-0100003518","31200","ELVIS (2022)","https://www.youtube.com/watch?v=wBDLRvjHVOY","//silver.afi.com/CDN/media/entity/get/FilmPosterGraphic/f-0100003518?width=121&height=180&referenceScheme=Global&allowPlaceHolder=true","Thursday, June 23, 2022","2022-06-26T20:20:00","08:20 PM","//silver.afi.com/Ticketing/visSelectTickets.aspx?cinemacode=1001&txtSessionId=31200&visLang=1","Biography - music","159 Minutes","AFI - AFI Silver 1"
NA,"f-0100003518","31201","ELVIS (2022)","https://www.youtube.com/watch?v=wBDLRvjHVOY","//silver.afi.com/CDN/media/entity/get/FilmPosterGraphic/f-0100003518?width=121&height=180&referenceScheme=Global&allowPlaceHolder=true","Thursday, June 23, 2022","2022-06-27T11:00:00","11:00 AM","//silver.afi.com/Ticketing/visSelectTickets.aspx?cinemacode=1001&txtSessionId=31201&visLang=1","Biography - music","159 Minutes","AFI - AFI Silver 1"
NA,"f-0100003518","31202","ELVIS (2022)","https://www.youtube.com/watch?v=wBDLRvjHVOY","//silver.afi.com/CDN/media/entity/get/FilmPosterGraphic/f-0100003518?width=121&height=180&referenceScheme=Global&allowPlaceHolder=true","Thursday, June 23, 2022","2022-06-27T14:05:00","02:05 PM","//silver.afi.com/Ticketing/visSelectTickets.aspx?cinemacode=1001&txtSessionId=31202&visLang=1","Biography - music","159 Minutes","AFI - AFI Silver 1"
NA,"f-0100003518","31203","ELVIS (2022)","https://www.youtube.com/watch?v=wBDLRvjHVOY","//silver.afi.com/CDN/media/entity/get/FilmPosterGraphic/f-0100003518?width=121&height=180&referenceScheme=Global&allowPlaceHolder=true","Thursday, June 23, 2022","2022-06-27T17:10:00","05:10 PM","//silver.afi.com/Ticketing/visSelectTickets.aspx?cinemacode=1001&txtSessionId=31203&visLang=1","Biography - music","159 Minutes","AFI - AFI Silver 2"
NA,"f-0100003518","31204","ELVIS (2022)","https://www.youtube.com/watch?v=wBDLRvjHVOY","//silver.afi.com/CDN/media/entity/get/FilmPosterGraphic/f-0100003518?width=121&height=180&referenceScheme=Global&allowPlaceHolder=true","Thursday, June 23, 2022","2022-06-27T20:20:00","08:20 PM","//silver.afi.com/Ticketing/visSelectTickets.aspx?cinemacode=1001&txtSessionId=31204&visLang=1","Biography - music","159 Minutes","AFI - AFI Silver 2"
NA,"f-0100003518","31205","ELVIS (2022)","https://www.youtube.com/watch?v=wBDLRvjHVOY","//silver.afi.com/CDN/media/entity/get/FilmPosterGraphic/f-0100003518?width=121&height=180&referenceScheme=Global&allowPlaceHolder=true","Thursday, June 23, 2022","2022-06-28T11:00:00","11:00 AM","//silver.afi.com/Ticketing/visSelectTickets.aspx?cinemacode=1001&txtSessionId=31205&visLang=1","Biography - music","159 Minutes","AFI - AFI Silver 2"
NA,"f-0100003518","31206","ELVIS (2022)","https://www.youtube.com/watch?v=wBDLRvjHVOY","//silver.afi.com/CDN/media/entity/get/FilmPosterGraphic/f-0100003518?width=121&height=180&referenceScheme=Global&allowPlaceHolder=true","Thursday, June 23, 2022","2022-06-28T14:05:00","02:05 PM","//silver.afi.com/Ticketing/visSelectTickets.aspx?cinemacode=1001&txtSessionId=31206&visLang=1","Biography - music","159 Minutes","AFI - AFI Silver 2"
NA,"f-0100003518","31207","ELVIS (2022)","https://www.youtube.com/watch?v=wBDLRvjHVOY","//silver.afi.com/CDN/media/entity/get/FilmPosterGraphic/f-0100003518?width=121&height=180&referenceScheme=Global&allowPlaceHolder=true","Thursday, June 23, 2022","2022-06-28T17:10:00","05:10 PM","//silver.afi.com/Ticketing/visSelectTickets.aspx?cinemacode=1001&txtSessionId=31207&visLang=1","Biography - music","159 Minutes","AFI - AFI Silver 2"
NA,"f-0100003518","31208","ELVIS (2022)","https://www.youtube.com/watch?v=wBDLRvjHVOY","//silver.afi.com/CDN/media/entity/get/FilmPosterGraphic/f-0100003518?width=121&height=180&referenceScheme=Global&allowPlaceHolder=true","Thursday, June 23, 2022","2022-06-28T20:20:00","08:20 PM","//silver.afi.com/Ticketing/visSelectTickets.aspx?cinemacode=1001&txtSessionId=31208&visLang=1","Biography - music","159 Minutes","AFI - AFI Silver 2"
NA,"f-0100003518","31209","ELVIS (2022)","https://www.youtube.com/watch?v=wBDLRvjHVOY","//silver.afi.com/CDN/media/entity/get/FilmPosterGraphic/f-0100003518?width=121&height=180&referenceScheme=Global&allowPlaceHolder=true","Thursday, June 23, 2022","2022-06-29T11:00:00","11:00 AM","//silver.afi.com/Ticketing/visSelectTickets.aspx?cinemacode=1001&txtSessionId=31209&visLang=1","Biography - music","159 Minutes","AFI - AFI Silver 2"
NA,"f-0100003518","31210","ELVIS (2022)","https://www.youtube.com/watch?v=wBDLRvjHVOY","//silver.afi.com/CDN/media/entity/get/FilmPosterGraphic/f-0100003518?width=121&height=180&referenceScheme=Global&allowPlaceHolder=true","Thursday, June 23, 2022","2022-06-29T14:05:00","02:05 PM","//silver.afi.com/Ticketing/visSelectTickets.aspx?cinemacode=1001&txtSessionId=31210&visLang=1","Biography - music","159 Minutes","AFI - AFI Silver 2"
NA,"f-0100003518","31211","ELVIS (2022)","https://www.youtube.com/watch?v=wBDLRvjHVOY","//silver.afi.com/CDN/media/entity/get/FilmPosterGraphic/f-0100003518?width=121&height=180&referenceScheme=Global&allowPlaceHolder=true","Thursday, June 23, 2022","2022-06-29T17:10:00","05:10 PM","//silver.afi.com/Ticketing/visSelectTickets.aspx?cinemacode=1001&txtSessionId=31211&visLang=1","Biography - music","159 Minutes","AFI - AFI Silver 2"
NA,"f-0100003518","31212","ELVIS (2022)","https://www.youtube.com/watch?v=wBDLRvjHVOY","//silver.afi.com/CDN/media/entity/get/FilmPosterGraphic/f-0100003518?width=121&height=180&referenceScheme=Global&allowPlaceHolder=true","Thursday, June 23, 2022","2022-06-29T20:20:00","08:20 PM","//silver.afi.com/Ticketing/visSelectTickets.aspx?cinemacode=1001&txtSessionId=31212&visLang=1","Biography - music","159 Minutes","AFI - AFI Silver 2"
NA,"f-0100003518","31213","ELVIS (2022)","https://www.youtube.com/watch?v=wBDLRvjHVOY","//silver.afi.com/CDN/media/entity/get/FilmPosterGraphic/f-0100003518?width=121&height=180&referenceScheme=Global&allowPlaceHolder=true","Thursday, June 23, 2022","2022-06-30T11:00:00","11:00 AM","//silver.afi.com/Ticketing/visSelectTickets.aspx?cinemacode=1001&txtSessionId=31213&visLang=1","Biography - music","159 Minutes","AFI - AFI Silver 2"
NA,"f-0100003518","31214","ELVIS (2022)","https://www.youtube.com/watch?v=wBDLRvjHVOY","//silver.afi.com/CDN/media/entity/get/FilmPosterGraphic/f-0100003518?width=121&height=180&referenceScheme=Global&allowPlaceHolder=true","Thursday, June 23, 2022","2022-06-30T14:05:00","02:05 PM","//silver.afi.com/Ticketing/visSelectTickets.aspx?cinemacode=1001&txtSessionId=31214&visLang=1","Biography - music","159 Minutes","AFI - AFI Silver 2"
NA,"f-0100003518","31215","ELVIS (2022)","https://www.youtube.com/watch?v=wBDLRvjHVOY","//silver.afi.com/CDN/media/entity/get/FilmPosterGraphic/f-0100003518?width=121&height=180&referenceScheme=Global&allowPlaceHolder=true","Thursday, June 23, 2022","2022-06-30T17:10:00","05:10 PM","//silver.afi.com/Ticketing/visSelectTickets.aspx?cinemacode=1001&txtSessionId=31215&visLang=1","Biography - music","159 Minutes","AFI - AFI Silver 2"
NA,"f-0100003518","31216","ELVIS (2022)","https://www.youtube.com/watch?v=wBDLRvjHVOY","//silver.afi.com/CDN/media/entity/get/FilmPosterGraphic/f-0100003518?width=121&height=180&referenceScheme=Global&allowPlaceHolder=true","Thursday, June 23, 2022","2022-06-30T20:20:00","08:20 PM","//silver.afi.com/Ticketing/visSelectTickets.aspx?cinemacode=1001&txtSessionId=31216&visLang=1","Biography - music","159 Minutes","AFI - AFI Silver 2"
"tt6710474","f-0100003399","31238","EVERYTHING EVERYWHERE ALL AT ONCE","https://www.youtube.com/watch?v=wxN1T1uxQ2g","//silver.afi.com/CDN/media/entity/get/FilmPosterGraphic/f-0100003399?width=121&height=180&referenceScheme=Global&allowPlaceHolder=true","Saturday, June 18, 2022","2022-06-18T12:45:00","12:45 PM","//silver.afi.com/Ticketing/visSelectTickets.aspx?cinemacode=1001&txtSessionId=31238&visLang=1","Action adventure","140 Minutes","AFI - AFI Silver 2"
"tt6710474","f-0100003399","31239","EVERYTHING EVERYWHERE ALL AT ONCE","https://www.youtube.com/watch?v=wxN1T1uxQ2g","//silver.afi.com/CDN/media/entity/get/FilmPosterGraphic/f-0100003399?width=121&height=180&referenceScheme=Global&allowPlaceHolder=true","Saturday, June 18, 2022","2022-06-18T15:40:00","03:40 PM","//silver.afi.com/Ticketing/visSelectTickets.aspx?cinemacode=1001&txtSessionId=31239&visLang=1","Action adventure","140 Minutes","AFI - AFI Silver 2"
"tt6710474","f-0100003399","31241","EVERYTHING EVERYWHERE ALL AT ONCE","https://www.youtube.com/watch?v=wxN1T1uxQ2g","//silver.afi.com/CDN/media/entity/get/FilmPosterGraphic/f-0100003399?width=121&height=180&referenceScheme=Global&allowPlaceHolder=true","Saturday, June 18, 2022","2022-06-19T11:00:00","11:00 AM","//silver.afi.com/Ticketing/visSelectTickets.aspx?cinemacode=1001&txtSessionId=31241&visLang=1","Action adventure","140 Minutes","AFI - AFI Silver 2"
"tt6710474","f-0100003399","31242","EVERYTHING EVERYWHERE ALL AT ONCE","https://www.youtube.com/watch?v=wxN1T1uxQ2g","//silver.afi.com/CDN/media/entity/get/FilmPosterGraphic/f-0100003399?width=121&height=180&referenceScheme=Global&allowPlaceHolder=true","Saturday, June 18, 2022","2022-06-19T16:20:00","04:20 PM","//silver.afi.com/Ticketing/visSelectTickets.aspx?cinemacode=1001&txtSessionId=31242&visLang=1","Action adventure","140 Minutes","AFI - AFI Silver 2"
"tt6710474","f-0100003399","31244","EVERYTHING EVERYWHERE ALL AT ONCE","https://www.youtube.com/watch?v=wxN1T1uxQ2g","//silver.afi.com/CDN/media/entity/get/FilmPosterGraphic/f-0100003399?width=121&height=180&referenceScheme=Global&allowPlaceHolder=true","Saturday, June 18, 2022","2022-06-20T12:45:00","12:45 PM","//silver.afi.com/Ticketing/visSelectTickets.aspx?cinemacode=1001&txtSessionId=31244&visLang=1","Action adventure","140 Minutes","AFI - AFI Silver 2"
"tt6710474","f-0100003399","31245","EVERYTHING EVERYWHERE ALL AT ONCE","https://www.youtube.com/watch?v=wxN1T1uxQ2g","//silver.afi.com/CDN/media/entity/get/FilmPosterGraphic/f-0100003399?width=121&height=180&referenceScheme=Global&allowPlaceHolder=true","Saturday, June 18, 2022","2022-06-20T15:40:00","03:40 PM","//silver.afi.com/Ticketing/visSelectTickets.aspx?cinemacode=1001&txtSessionId=31245&visLang=1","Action adventure","140 Minutes","AFI - AFI Silver 2"
"tt6710474","f-0100003399","31255","EVERYTHING EVERYWHERE ALL AT ONCE","https://www.youtube.com/watch?v=wxN1T1uxQ2g","//silver.afi.com/CDN/media/entity/get/FilmPosterGraphic/f-0100003399?width=121&height=180&referenceScheme=Global&allowPlaceHolder=true","Saturday, June 18, 2022","2022-06-21T12:45:00","12:45 PM","//silver.afi.com/Ticketing/visSelectTickets.aspx?cinemacode=1001&txtSessionId=31255&visLang=1","Action adventure","140 Minutes","AFI - AFI Silver 3"
"tt6710474","f-0100003399","31256","EVERYTHING EVERYWHERE ALL AT ONCE","https://www.youtube.com/watch?v=wxN1T1uxQ2g","//silver.afi.com/CDN/media/entity/get/FilmPosterGraphic/f-0100003399?width=121&height=180&referenceScheme=Global&allowPlaceHolder=true","Saturday, June 18, 2022","2022-06-21T15:40:00","03:40 PM","//silver.afi.com/Ticketing/visSelectTickets.aspx?cinemacode=1001&txtSessionId=31256&visLang=1","Action adventure","140 Minutes","AFI - AFI Silver 3"
"tt6710474","f-0100003399","31258","EVERYTHING EVERYWHERE ALL AT ONCE","https://www.youtube.com/watch?v=wxN1T1uxQ2g","//silver.afi.com/CDN/media/entity/get/FilmPosterGraphic/f-0100003399?width=121&height=180&referenceScheme=Global&allowPlaceHolder=true","Saturday, June 18, 2022","2022-06-22T12:45:00","12:45 PM","//silver.afi.com/Ticketing/visSelectTickets.aspx?cinemacode=1001&txtSessionId=31258&visLang=1","Action adventure","140 Minutes","AFI - AFI Silver 2"
"tt6710474","f-0100003399","31259","EVERYTHING EVERYWHERE ALL AT ONCE","https://www.youtube.com/watch?v=wxN1T1uxQ2g","//silver.afi.com/CDN/media/entity/get/FilmPosterGraphic/f-0100003399?width=121&height=180&referenceScheme=Global&allowPlaceHolder=true","Saturday, June 18, 2022","2022-06-22T15:40:00","03:40 PM","//silver.afi.com/Ticketing/visSelectTickets.aspx?cinemacode=1001&txtSessionId=31259&visLang=1","Action adventure","140 Minutes","AFI - AFI Silver 2"
"tt6710474","f-0100003399","31265","EVERYTHING EVERYWHERE ALL AT ONCE","https://www.youtube.com/watch?v=wxN1T1uxQ2g","//silver.afi.com/CDN/media/entity/get/FilmPosterGraphic/f-0100003399?width=121&height=180&referenceScheme=Global&allowPlaceHolder=true","Saturday, June 18, 2022","2022-06-23T12:45:00","12:45 PM","//silver.afi.com/Ticketing/visSelectTickets.aspx?cinemacode=1001&txtSessionId=31265&visLang=1","Action adventure","140 Minutes","AFI - AFI Silver 2"
"tt6710474","f-0100003399","31266","EVERYTHING EVERYWHERE ALL AT ONCE","https://www.youtube.com/watch?v=wxN1T1uxQ2g","//silver.afi.com/CDN/media/entity/get/FilmPosterGraphic/f-0100003399?width=121&height=180&referenceScheme=Global&allowPlaceHolder=true","Saturday, June 18, 2022","2022-06-23T15:40:00","03:40 PM","//silver.afi.com/Ticketing/visSelectTickets.aspx?cinemacode=1001&txtSessionId=31266&visLang=1","Action adventure","140 Minutes","AFI - AFI Silver 2"
"tt1798188","f-0100003421","30144","FROM UP ON POPPY HILL","https://www.youtube.com/watch?v=a0DIxdy8CZA","//silver.afi.com/CDN/media/entity/get/FilmPosterGraphic/f-0100003421?width=121&height=180&referenceScheme=Global&allowPlaceHolder=true","Friday, July 01, 2022","2022-07-01T13:10:00","01:10 PM","//silver.afi.com/Ticketing/visSelectTickets.aspx?cinemacode=1001&txtSessionId=30144&visLang=1","Animation, drama","91 Minutes","AFI - AFI Silver 1"
"tt1798188","f-0100003421","30145","FROM UP ON POPPY HILL","https://www.youtube.com/watch?v=a0DIxdy8CZA","//silver.afi.com/CDN/media/entity/get/FilmPosterGraphic/f-0100003421?width=121&height=180&referenceScheme=Global&allowPlaceHolder=true","Friday, July 01, 2022","2022-07-03T13:10:00","01:10 PM","//silver.afi.com/Ticketing/visSelectTickets.aspx?cinemacode=1001&txtSessionId=30145&visLang=1","Animation, drama","91 Minutes","AFI - AFI Silver 1"
"tt1798188","f-0100003421","30146","FROM UP ON POPPY HILL","https://www.youtube.com/watch?v=a0DIxdy8CZA","//silver.afi.com/CDN/media/entity/get/FilmPosterGraphic/f-0100003421?width=121&height=180&referenceScheme=Global&allowPlaceHolder=true","Friday, July 01, 2022","2022-07-07T17:00:00","05:00 PM","//silver.afi.com/Ticketing/visSelectTickets.aspx?cinemacode=1001&txtSessionId=30146&visLang=1","Animation, drama","91 Minutes","AFI - AFI Silver 1"
"tt8000146","f-0100003491","30686","GEORGE MICHAEL FREEDOM UNCUT","https://www.youtube.com/watch?v=LJAwslwcIhQ","//silver.afi.com/CDN/media/entity/get/FilmPosterGraphic/f-0100003491?width=121&height=180&referenceScheme=Global&allowPlaceHolder=true","Wednesday, June 22, 2022","2022-06-22T19:00:00","07:00 PM","//silver.afi.com/Ticketing/visSelectTickets.aspx?cinemacode=1001&txtSessionId=30686&visLang=1","Documentary - music","109 Minutes","AFI - AFI Silver 1"
"tt0061735","f-0100003511","30781","GUESS WHO'S COMING TO DINNER","https://www.youtube.com/watch?v=Rg1pnX3nYc8","//silver.afi.com/CDN/media/entity/get/FilmPosterGraphic/f-0100003511?width=121&height=180&referenceScheme=Global&allowPlaceHolder=true","Friday, July 01, 2022","2022-07-01T15:15:00","03:15 PM","//silver.afi.com/Ticketing/visSelectTickets.aspx?cinemacode=1001&txtSessionId=30781&visLang=1","Comedy-drama","108 Minutes","AFI - AFI Silver 1"
"tt0061735","f-0100003511","30782","GUESS WHO'S COMING TO DINNER","https://www.youtube.com/watch?v=Rg1pnX3nYc8","//silver.afi.com/CDN/media/entity/get/FilmPosterGraphic/f-0100003511?width=121&height=180&referenceScheme=Global&allowPlaceHolder=true","Friday, July 01, 2022","2022-07-04T13:10:00","01:10 PM","//silver.afi.com/Ticketing/visSelectTickets.aspx?cinemacode=1001&txtSessionId=30782&visLang=1","Comedy-drama","108 Minutes","AFI - AFI Silver 1"
"tt0068687","f-0100002604","30321","HEARTBREAK KID, THE (1972)","https://www.youtube.com/watch?v=5ytlIXSl9GI","//silver.afi.com/CDN/media/entity/get/FilmPosterGraphic/f-0100002604?width=121&height=180&referenceScheme=Global&allowPlaceHolder=true","Friday, July 01, 2022","2022-07-01T19:45:00","07:45 PM","//silver.afi.com/Ticketing/visSelectTickets.aspx?cinemacode=1001&txtSessionId=30321&visLang=1","Comedy-drama, romance","106 Minutes","AFI - AFI Silver 1"
"tt0068687","f-0100002604","30322","HEARTBREAK KID, THE (1972)","https://www.youtube.com/watch?v=5ytlIXSl9GI","//silver.afi.com/CDN/media/entity/get/FilmPosterGraphic/f-0100002604?width=121&height=180&referenceScheme=Global&allowPlaceHolder=true","Friday, July 01, 2022","2022-07-04T19:00:00","07:00 PM","//silver.afi.com/Ticketing/visSelectTickets.aspx?cinemacode=1001&txtSessionId=30322&visLang=1","Comedy-drama, romance","106 Minutes","AFI - AFI Silver 1"
"tt0248845","f-0100003450","30931","HEDWIG AND THE ANGRY INCH","https://www.youtube.com/watch?v=4p9mPhGo1j0","//silver.afi.com/CDN/media/entity/get/FilmPosterGraphic/f-0100003450?width=121&height=180&referenceScheme=Global&allowPlaceHolder=true","Saturday, June 25, 2022","2022-06-25T22:45:00","10:45 PM","//silver.afi.com/Ticketing/visSelectTickets.aspx?cinemacode=1001&txtSessionId=30931&visLang=1","Musical comedy","95 Minutes","AFI - AFI Silver 2"
"tt0248845","f-0100003450","30426","HEDWIG AND THE ANGRY INCH","https://www.youtube.com/watch?v=4p9mPhGo1j0","//silver.afi.com/CDN/media/entity/get/FilmPosterGraphic/f-0100003450?width=121&height=180&referenceScheme=Global&allowPlaceHolder=true","Saturday, June 25, 2022","2022-06-28T21:20:00","09:20 PM","//silver.afi.com/Ticketing/visSelectTickets.aspx?cinemacode=1001&txtSessionId=30426&visLang=1","Musical comedy","95 Minutes","AFI - AFI Silver 1"
"tt0248845","f-0100003450","30427","HEDWIG AND THE ANGRY INCH","https://www.youtube.com/watch?v=4p9mPhGo1j0","//silver.afi.com/CDN/media/entity/get/FilmPosterGraphic/f-0100003450?width=121&height=180&referenceScheme=Global&allowPlaceHolder=true","Saturday, June 25, 2022","2022-06-30T21:20:00","09:20 PM","//silver.afi.com/Ticketing/visSelectTickets.aspx?cinemacode=1001&txtSessionId=30427&visLang=1","Musical comedy","95 Minutes","AFI - AFI Silver 1"
"tt0347149","f-0100003418","30139","HOWL'S MOVING CASTLE","https://www.youtube.com/watch?v=JJPD0Qx5F7M","//silver.afi.com/CDN/media/entity/get/FilmPosterGraphic/f-0100003418?width=121&height=180&referenceScheme=Global&allowPlaceHolder=true","Friday, June 24, 2022","2022-06-24T16:30:00","04:30 PM","//silver.afi.com/Ticketing/visSelectTickets.aspx?cinemacode=1001&txtSessionId=30139&visLang=1","Animation, fantasy","119 Minutes","AFI - AFI Silver 2"
"tt0347149","f-0100003418","30140","HOWL'S MOVING CASTLE","https://www.youtube.com/watch?v=JJPD0Qx5F7M","//silver.afi.com/CDN/media/entity/get/FilmPosterGraphic/f-0100003418?width=121&height=180&referenceScheme=Global&allowPlaceHolder=true","Friday, June 24, 2022","2022-06-26T11:00:00","11:00 AM","//silver.afi.com/Ticketing/visSelectTickets.aspx?cinemacode=1001&txtSessionId=30140&visLang=1","Animation, fantasy","119 Minutes","AFI - AFI Silver 2"
"tt0347149","f-0100003418","30936","HOWL'S MOVING CASTLE","https://www.youtube.com/watch?v=JJPD0Qx5F7M","//silver.afi.com/CDN/media/entity/get/FilmPosterGraphic/f-0100003418?width=121&height=180&referenceScheme=Global&allowPlaceHolder=true","Friday, June 24, 2022","2022-06-26T20:15:00","08:15 PM","//silver.afi.com/Ticketing/visSelectTickets.aspx?cinemacode=1001&txtSessionId=30936&visLang=1","Animation, fantasy","119 Minutes","AFI - AFI Silver 2"
"tt0347149","f-0100003418","30141","HOWL'S MOVING CASTLE","https://www.youtube.com/watch?v=JJPD0Qx5F7M","//silver.afi.com/CDN/media/entity/get/FilmPosterGraphic/f-0100003418?width=121&height=180&referenceScheme=Global&allowPlaceHolder=true","Friday, June 24, 2022","2022-06-28T16:30:00","04:30 PM","//silver.afi.com/Ticketing/visSelectTickets.aspx?cinemacode=1001&txtSessionId=30141&visLang=1","Animation, fantasy","119 Minutes","AFI - AFI Silver 1"
"tt0347149","f-0100003418","30142","HOWL'S MOVING CASTLE","https://www.youtube.com/watch?v=JJPD0Qx5F7M","//silver.afi.com/CDN/media/entity/get/FilmPosterGraphic/f-0100003418?width=121&height=180&referenceScheme=Global&allowPlaceHolder=true","Friday, June 24, 2022","2022-06-29T18:45:00","06:45 PM","//silver.afi.com/Ticketing/visSelectTickets.aspx?cinemacode=1001&txtSessionId=30142&visLang=1","Animation, fantasy","119 Minutes","AFI - AFI Silver 3"
"tt0347149","f-0100003418","30143","HOWL'S MOVING CASTLE","https://www.youtube.com/watch?v=JJPD0Qx5F7M","//silver.afi.com/CDN/media/entity/get/FilmPosterGraphic/f-0100003418?width=121&height=180&referenceScheme=Global&allowPlaceHolder=true","Friday, June 24, 2022","2022-06-30T16:30:00","04:30 PM","//silver.afi.com/Ticketing/visSelectTickets.aspx?cinemacode=1001&txtSessionId=30143&visLang=1","Animation, fantasy","119 Minutes","AFI - AFI Silver 1"
"tt7621830","f-0100003532","30990","INNA DE YARD: THE SOUL OF JAMAICA","https://www.youtube.com/watch?v=j41v2_7gS_E","//silver.afi.com/CDN/media/entity/get/FilmPosterGraphic/f-0100003532?width=121&height=180&referenceScheme=Global&allowPlaceHolder=true","Friday, June 17, 2022","2022-06-17T21:45:00","09:45 PM","//silver.afi.com/Ticketing/visSelectTickets.aspx?cinemacode=1001&txtSessionId=30990&visLang=1","Documentary - music","99 Minutes","AFI - AFI Silver 1"
"tt7621830","f-0100003532","30993","INNA DE YARD: THE SOUL OF JAMAICA","https://www.youtube.com/watch?v=j41v2_7gS_E","//silver.afi.com/CDN/media/entity/get/FilmPosterGraphic/f-0100003532?width=121&height=180&referenceScheme=Global&allowPlaceHolder=true","Friday, June 17, 2022","2022-06-19T19:45:00","07:45 PM","//silver.afi.com/Ticketing/visSelectTickets.aspx?cinemacode=1001&txtSessionId=30993&visLang=1","Documentary - music","99 Minutes","AFI - AFI Silver 1"
"tt0041546","f-0100003454","30437","KIND HEARTS AND CORONETS","https://www.youtube.com/watch?v=31RbWwIGX7c","//silver.afi.com/CDN/media/entity/get/FilmPosterGraphic/f-0100003454?width=121&height=180&referenceScheme=Global&allowPlaceHolder=true","Sunday, July 03, 2022","2022-07-03T17:30:00","05:30 PM","//silver.afi.com/Ticketing/visSelectTickets.aspx?cinemacode=1001&txtSessionId=30437&visLang=1","Comedy","106 Minutes","AFI - AFI Silver 1"
"tt0041546","f-0100003454","30438","KIND HEARTS AND CORONETS","https://www.youtube.com/watch?v=31RbWwIGX7c","//silver.afi.com/CDN/media/entity/get/FilmPosterGraphic/f-0100003454?width=121&height=180&referenceScheme=Global&allowPlaceHolder=true","Sunday, July 03, 2022","2022-07-04T21:15:00","09:15 PM","//silver.afi.com/Ticketing/visSelectTickets.aspx?cinemacode=1001&txtSessionId=30438&visLang=1","Comedy","106 Minutes","AFI - AFI Silver 1"
"tt0041546","f-0100003454","30439","KIND HEARTS AND CORONETS","https://www.youtube.com/watch?v=31RbWwIGX7c","//silver.afi.com/CDN/media/entity/get/FilmPosterGraphic/f-0100003454?width=121&height=180&referenceScheme=Global&allowPlaceHolder=true","Sunday, July 03, 2022","2022-07-06T12:50:00","12:50 PM","//silver.afi.com/Ticketing/visSelectTickets.aspx?cinemacode=1001&txtSessionId=30439&visLang=1","Comedy","106 Minutes","AFI - AFI Silver 1"
"tt0041546","f-0100003454","30440","KIND HEARTS AND CORONETS","https://www.youtube.com/watch?v=31RbWwIGX7c","//silver.afi.com/CDN/media/entity/get/FilmPosterGraphic/f-0100003454?width=121&height=180&referenceScheme=Global&allowPlaceHolder=true","Sunday, July 03, 2022","2022-07-06T21:00:00","09:00 PM","//silver.afi.com/Ticketing/visSelectTickets.aspx?cinemacode=1001&txtSessionId=30440&visLang=1","Comedy","106 Minutes","AFI - AFI Silver 1"
"tt0053779","f-0100003431","30271","LA DOLCE VITA","https://www.youtube.com/watch?v=1BeWEPXWDX4","//silver.afi.com/CDN/media/entity/get/FilmPosterGraphic/f-0100003431?width=121&height=180&referenceScheme=Global&allowPlaceHolder=true","Saturday, July 02, 2022","2022-07-02T19:30:00","07:30 PM","//silver.afi.com/Ticketing/visSelectTickets.aspx?cinemacode=1001&txtSessionId=30271&visLang=1","Romantic comedy","173 Minutes","AFI - AFI Silver 1"
"tt0053779","f-0100003431","30273","LA DOLCE VITA","https://www.youtube.com/watch?v=1BeWEPXWDX4","//silver.afi.com/CDN/media/entity/get/FilmPosterGraphic/f-0100003431?width=121&height=180&referenceScheme=Global&allowPlaceHolder=true","Saturday, July 02, 2022","2022-07-03T19:45:00","07:45 PM","//silver.afi.com/Ticketing/visSelectTickets.aspx?cinemacode=1001&txtSessionId=30273&visLang=1","Romantic comedy","173 Minutes","AFI - AFI Silver 1"
"tt0053779","f-0100003431","30274","LA DOLCE VITA","https://www.youtube.com/watch?v=1BeWEPXWDX4","//silver.afi.com/CDN/media/entity/get/FilmPosterGraphic/f-0100003431?width=121&height=180&referenceScheme=Global&allowPlaceHolder=true","Saturday, July 02, 2022","2022-07-04T15:30:00","03:30 PM","//silver.afi.com/Ticketing/visSelectTickets.aspx?cinemacode=1001&txtSessionId=30274&visLang=1","Romantic comedy","173 Minutes","AFI - AFI Silver 1"
"tt0048281","f-0100003453","30433","LADYKILLERS, THE (1955)","https://www.youtube.com/watch?v=TdJGho9p-wA","//silver.afi.com/CDN/media/entity/get/FilmPosterGraphic/f-0100003453?width=121&height=180&referenceScheme=Global&allowPlaceHolder=true","Saturday, July 02, 2022","2022-07-02T17:30:00","05:30 PM","//silver.afi.com/Ticketing/visSelectTickets.aspx?cinemacode=1001&txtSessionId=30433&visLang=1","Crime comedy","91 Minutes","AFI - AFI Silver 1"
"tt0048281","f-0100003453","30434","LADYKILLERS, THE (1955)","https://www.youtube.com/watch?v=TdJGho9p-wA","//silver.afi.com/CDN/media/entity/get/FilmPosterGraphic/f-0100003453?width=121&height=180&referenceScheme=Global&allowPlaceHolder=true","Saturday, July 02, 2022","2022-07-05T13:00:00","01:00 PM","//silver.afi.com/Ticketing/visSelectTickets.aspx?cinemacode=1001&txtSessionId=30434&visLang=1","Crime comedy","91 Minutes","AFI - AFI Silver 1"
"tt0048281","f-0100003453","30435","LADYKILLERS, THE (1955)","https://www.youtube.com/watch?v=TdJGho9p-wA","//silver.afi.com/CDN/media/entity/get/FilmPosterGraphic/f-0100003453?width=121&height=180&referenceScheme=Global&allowPlaceHolder=true","Saturday, July 02, 2022","2022-07-05T21:00:00","09:00 PM","//silver.afi.com/Ticketing/visSelectTickets.aspx?cinemacode=1001&txtSessionId=30435&visLang=1","Crime comedy","91 Minutes","AFI - AFI Silver 1"
"tt0048281","f-0100003453","30436","LADYKILLERS, THE (1955)","https://www.youtube.com/watch?v=TdJGho9p-wA","//silver.afi.com/CDN/media/entity/get/FilmPosterGraphic/f-0100003453?width=121&height=180&referenceScheme=Global&allowPlaceHolder=true","Saturday, July 02, 2022","2022-07-07T13:00:00","01:00 PM","//silver.afi.com/Ticketing/visSelectTickets.aspx?cinemacode=1001&txtSessionId=30436&visLang=1","Crime comedy","91 Minutes","AFI - AFI Silver 1"
"tt0064665","f-0100002558","30270","MIDNIGHT COWBOY","https://www.youtube.com/watch?v=o29GST0Lj28","//silver.afi.com/CDN/media/entity/get/FilmPosterGraphic/f-0100002558?width=121&height=180&referenceScheme=Global&allowPlaceHolder=true","Saturday, June 25, 2022","2022-06-25T17:30:00","05:30 PM","//silver.afi.com/Ticketing/visSelectTickets.aspx?cinemacode=1001&txtSessionId=30270&visLang=1","Drama","113 Minutes","AFI - AFI Silver 2"
"tt0074901","f-0100002618","30323","MIKEY & NICKY","https://www.youtube.com/watch?v=lda5kNLbozk","//silver.afi.com/CDN/media/entity/get/FilmPosterGraphic/f-0100002618?width=121&height=180&referenceScheme=Global&allowPlaceHolder=true","Sunday, July 10, 2022","2022-07-10T18:00:00","06:00 PM","//silver.afi.com/Ticketing/visSelectTickets.aspx?cinemacode=1001&txtSessionId=30323&visLang=1","Crime drama","119 Minutes","AFI - AFI Silver 1"
"tt0074901","f-0100002618","30324","MIKEY & NICKY","https://www.youtube.com/watch?v=lda5kNLbozk","//silver.afi.com/CDN/media/entity/get/FilmPosterGraphic/f-0100002618?width=121&height=180&referenceScheme=Global&allowPlaceHolder=true","Sunday, July 10, 2022","2022-07-14T18:45:00","06:45 PM","//silver.afi.com/Ticketing/visSelectTickets.aspx?cinemacode=1001&txtSessionId=30324&visLang=1","Crime drama","119 Minutes","AFI - AFI Silver 3"
"tt0051792","f-0100003455","30441","MUSIC ROOM, THE","https://www.youtube.com/watch?v=fQYVtTzXRQg","//silver.afi.com/CDN/media/entity/get/FilmPosterGraphic/f-0100003455?width=121&height=180&referenceScheme=Global&allowPlaceHolder=true","Friday, July 08, 2022","2022-07-08T13:00:00","01:00 PM","//silver.afi.com/Ticketing/visSelectTickets.aspx?cinemacode=1001&txtSessionId=30441&visLang=1","Drama","95 Minutes","AFI - AFI Silver 1"
"tt0051792","f-0100003455","30442","MUSIC ROOM, THE","https://www.youtube.com/watch?v=fQYVtTzXRQg","//silver.afi.com/CDN/media/entity/get/FilmPosterGraphic/f-0100003455?width=121&height=180&referenceScheme=Global&allowPlaceHolder=true","Friday, July 08, 2022","2022-07-11T13:00:00","01:00 PM","//silver.afi.com/Ticketing/visSelectTickets.aspx?cinemacode=1001&txtSessionId=30442&visLang=1","Drama","95 Minutes","AFI - AFI Silver 1"
"tt0051792","f-0100003455","30443","MUSIC ROOM, THE","https://www.youtube.com/watch?v=fQYVtTzXRQg","//silver.afi.com/CDN/media/entity/get/FilmPosterGraphic/f-0100003455?width=121&height=180&referenceScheme=Global&allowPlaceHolder=true","Friday, July 08, 2022","2022-07-12T19:15:00","07:15 PM","//silver.afi.com/Ticketing/visSelectTickets.aspx?cinemacode=1001&txtSessionId=30443&visLang=1","Drama","95 Minutes","AFI - AFI Silver 1"
"tt0051792","f-0100003455","30444","MUSIC ROOM, THE","https://www.youtube.com/watch?v=fQYVtTzXRQg","//silver.afi.com/CDN/media/entity/get/FilmPosterGraphic/f-0100003455?width=121&height=180&referenceScheme=Global&allowPlaceHolder=true","Friday, July 08, 2022","2022-07-13T12:30:00","12:30 PM","//silver.afi.com/Ticketing/visSelectTickets.aspx?cinemacode=1001&txtSessionId=30444&visLang=1","Drama","95 Minutes","AFI - AFI Silver 1"
NA,"f-0100003359","31225","NEPTUNE FROST","https://www.youtube.com/watch?v=acfBNIXovww","//silver.afi.com/CDN/media/entity/get/FilmPosterGraphic/f-0100003359?width=121&height=180&referenceScheme=Global&allowPlaceHolder=true","Friday, June 17, 2022","2022-06-17T21:25:00","09:25 PM","//silver.afi.com/Ticketing/visSelectTickets.aspx?cinemacode=1001&txtSessionId=31225&visLang=1","Science Fiction","105 Minutes","AFI - AFI Silver 3"
NA,"f-0100003359","31228","NEPTUNE FROST","https://www.youtube.com/watch?v=acfBNIXovww","//silver.afi.com/CDN/media/entity/get/FilmPosterGraphic/f-0100003359?width=121&height=180&referenceScheme=Global&allowPlaceHolder=true","Friday, June 17, 2022","2022-06-18T12:30:00","12:30 PM","//silver.afi.com/Ticketing/visSelectTickets.aspx?cinemacode=1001&txtSessionId=31228&visLang=1","Science Fiction","105 Minutes","AFI - AFI Silver 3"
NA,"f-0100003359","31229","NEPTUNE FROST","https://www.youtube.com/watch?v=acfBNIXovww","//silver.afi.com/CDN/media/entity/get/FilmPosterGraphic/f-0100003359?width=121&height=180&referenceScheme=Global&allowPlaceHolder=true","Friday, June 17, 2022","2022-06-18T17:00:00","05:00 PM","//silver.afi.com/Ticketing/visSelectTickets.aspx?cinemacode=1001&txtSessionId=31229&visLang=1","Science Fiction","105 Minutes","AFI - AFI Silver 3"
NA,"f-0100003359","31230","NEPTUNE FROST","https://www.youtube.com/watch?v=acfBNIXovww","//silver.afi.com/CDN/media/entity/get/FilmPosterGraphic/f-0100003359?width=121&height=180&referenceScheme=Global&allowPlaceHolder=true","Friday, June 17, 2022","2022-06-18T21:25:00","09:25 PM","//silver.afi.com/Ticketing/visSelectTickets.aspx?cinemacode=1001&txtSessionId=31230&visLang=1","Science Fiction","105 Minutes","AFI - AFI Silver 3"
NA,"f-0100003359","31233","NEPTUNE FROST","https://www.youtube.com/watch?v=acfBNIXovww","//silver.afi.com/CDN/media/entity/get/FilmPosterGraphic/f-0100003359?width=121&height=180&referenceScheme=Global&allowPlaceHolder=true","Friday, June 17, 2022","2022-06-19T12:30:00","12:30 PM","//silver.afi.com/Ticketing/visSelectTickets.aspx?cinemacode=1001&txtSessionId=31233&visLang=1","Science Fiction","105 Minutes","AFI - AFI Silver 3"
NA,"f-0100003359","31234","NEPTUNE FROST","https://www.youtube.com/watch?v=acfBNIXovww","//silver.afi.com/CDN/media/entity/get/FilmPosterGraphic/f-0100003359?width=121&height=180&referenceScheme=Global&allowPlaceHolder=true","Friday, June 17, 2022","2022-06-19T17:00:00","05:00 PM","//silver.afi.com/Ticketing/visSelectTickets.aspx?cinemacode=1001&txtSessionId=31234&visLang=1","Science Fiction","105 Minutes","AFI - AFI Silver 3"
NA,"f-0100003359","31235","NEPTUNE FROST","https://www.youtube.com/watch?v=acfBNIXovww","//silver.afi.com/CDN/media/entity/get/FilmPosterGraphic/f-0100003359?width=121&height=180&referenceScheme=Global&allowPlaceHolder=true","Friday, June 17, 2022","2022-06-19T21:25:00","09:25 PM","//silver.afi.com/Ticketing/visSelectTickets.aspx?cinemacode=1001&txtSessionId=31235&visLang=1","Science Fiction","105 Minutes","AFI - AFI Silver 3"
NA,"f-0100003359","31247","NEPTUNE FROST","https://www.youtube.com/watch?v=acfBNIXovww","//silver.afi.com/CDN/media/entity/get/FilmPosterGraphic/f-0100003359?width=121&height=180&referenceScheme=Global&allowPlaceHolder=true","Friday, June 17, 2022","2022-06-20T12:30:00","12:30 PM","//silver.afi.com/Ticketing/visSelectTickets.aspx?cinemacode=1001&txtSessionId=31247&visLang=1","Science Fiction","105 Minutes","AFI - AFI Silver 3"
NA,"f-0100003359","31248","NEPTUNE FROST","https://www.youtube.com/watch?v=acfBNIXovww","//silver.afi.com/CDN/media/entity/get/FilmPosterGraphic/f-0100003359?width=121&height=180&referenceScheme=Global&allowPlaceHolder=true","Friday, June 17, 2022","2022-06-20T17:00:00","05:00 PM","//silver.afi.com/Ticketing/visSelectTickets.aspx?cinemacode=1001&txtSessionId=31248&visLang=1","Science Fiction","105 Minutes","AFI - AFI Silver 3"
NA,"f-0100003359","31249","NEPTUNE FROST","https://www.youtube.com/watch?v=acfBNIXovww","//silver.afi.com/CDN/media/entity/get/FilmPosterGraphic/f-0100003359?width=121&height=180&referenceScheme=Global&allowPlaceHolder=true","Friday, June 17, 2022","2022-06-20T19:10:00","07:10 PM","//silver.afi.com/Ticketing/visSelectTickets.aspx?cinemacode=1001&txtSessionId=31249&visLang=1","Science Fiction","105 Minutes","AFI - AFI Silver 3"
NA,"f-0100003359","31252","NEPTUNE FROST","https://www.youtube.com/watch?v=acfBNIXovww","//silver.afi.com/CDN/media/entity/get/FilmPosterGraphic/f-0100003359?width=121&height=180&referenceScheme=Global&allowPlaceHolder=true","Friday, June 17, 2022","2022-06-21T12:30:00","12:30 PM","//silver.afi.com/Ticketing/visSelectTickets.aspx?cinemacode=1001&txtSessionId=31252&visLang=1","Science Fiction","105 Minutes","AFI - AFI Silver 2"
NA,"f-0100003359","31253","NEPTUNE FROST","https://www.youtube.com/watch?v=acfBNIXovww","//silver.afi.com/CDN/media/entity/get/FilmPosterGraphic/f-0100003359?width=121&height=180&referenceScheme=Global&allowPlaceHolder=true","Friday, June 17, 2022","2022-06-21T17:00:00","05:00 PM","//silver.afi.com/Ticketing/visSelectTickets.aspx?cinemacode=1001&txtSessionId=31253&visLang=1","Science Fiction","105 Minutes","AFI - AFI Silver 2"
NA,"f-0100003359","31260","NEPTUNE FROST","https://www.youtube.com/watch?v=acfBNIXovww","//silver.afi.com/CDN/media/entity/get/FilmPosterGraphic/f-0100003359?width=121&height=180&referenceScheme=Global&allowPlaceHolder=true","Friday, June 17, 2022","2022-06-22T12:30:00","12:30 PM","//silver.afi.com/Ticketing/visSelectTickets.aspx?cinemacode=1001&txtSessionId=31260&visLang=1","Science Fiction","105 Minutes","AFI - AFI Silver 3"
NA,"f-0100003359","31261","NEPTUNE FROST","https://www.youtube.com/watch?v=acfBNIXovww","//silver.afi.com/CDN/media/entity/get/FilmPosterGraphic/f-0100003359?width=121&height=180&referenceScheme=Global&allowPlaceHolder=true","Friday, June 17, 2022","2022-06-22T17:00:00","05:00 PM","//silver.afi.com/Ticketing/visSelectTickets.aspx?cinemacode=1001&txtSessionId=31261&visLang=1","Science Fiction","105 Minutes","AFI - AFI Silver 3"
NA,"f-0100003359","31262","NEPTUNE FROST","https://www.youtube.com/watch?v=acfBNIXovww","//silver.afi.com/CDN/media/entity/get/FilmPosterGraphic/f-0100003359?width=121&height=180&referenceScheme=Global&allowPlaceHolder=true","Friday, June 17, 2022","2022-06-22T19:10:00","07:10 PM","//silver.afi.com/Ticketing/visSelectTickets.aspx?cinemacode=1001&txtSessionId=31262&visLang=1","Science Fiction","105 Minutes","AFI - AFI Silver 3"
NA,"f-0100003359","31267","NEPTUNE FROST","https://www.youtube.com/watch?v=acfBNIXovww","//silver.afi.com/CDN/media/entity/get/FilmPosterGraphic/f-0100003359?width=121&height=180&referenceScheme=Global&allowPlaceHolder=true","Friday, June 17, 2022","2022-06-23T12:30:00","12:30 PM","//silver.afi.com/Ticketing/visSelectTickets.aspx?cinemacode=1001&txtSessionId=31267&visLang=1","Science Fiction","105 Minutes","AFI - AFI Silver 3"
NA,"f-0100003359","31268","NEPTUNE FROST","https://www.youtube.com/watch?v=acfBNIXovww","//silver.afi.com/CDN/media/entity/get/FilmPosterGraphic/f-0100003359?width=121&height=180&referenceScheme=Global&allowPlaceHolder=true","Friday, June 17, 2022","2022-06-23T17:00:00","05:00 PM","//silver.afi.com/Ticketing/visSelectTickets.aspx?cinemacode=1001&txtSessionId=31268&visLang=1","Science Fiction","105 Minutes","AFI - AFI Silver 3"
"tt0050783","f-0100003449","30422","NIGHTS OF CABIRIA","https://www.youtube.com/watch?v=OO6EmDhi2X0","//silver.afi.com/CDN/media/entity/get/FilmPosterGraphic/f-0100003449?width=121&height=180&referenceScheme=Global&allowPlaceHolder=true","Saturday, June 25, 2022","2022-06-25T20:30:00","08:30 PM","//silver.afi.com/Ticketing/visSelectTickets.aspx?cinemacode=1001&txtSessionId=30422&visLang=1","Drama","117 Minutes","AFI - AFI Silver 2"
"tt0050783","f-0100003449","30423","NIGHTS OF CABIRIA","https://www.youtube.com/watch?v=OO6EmDhi2X0","//silver.afi.com/CDN/media/entity/get/FilmPosterGraphic/f-0100003449?width=121&height=180&referenceScheme=Global&allowPlaceHolder=true","Saturday, June 25, 2022","2022-06-28T19:00:00","07:00 PM","//silver.afi.com/Ticketing/visSelectTickets.aspx?cinemacode=1001&txtSessionId=30423&visLang=1","Drama","117 Minutes","AFI - AFI Silver 1"
"tt0050783","f-0100003449","30424","NIGHTS OF CABIRIA","https://www.youtube.com/watch?v=OO6EmDhi2X0","//silver.afi.com/CDN/media/entity/get/FilmPosterGraphic/f-0100003449?width=121&height=180&referenceScheme=Global&allowPlaceHolder=true","Saturday, June 25, 2022","2022-06-30T19:00:00","07:00 PM","//silver.afi.com/Ticketing/visSelectTickets.aspx?cinemacode=1001&txtSessionId=30424&visLang=1","Drama","117 Minutes","AFI - AFI Silver 1"
"tt11051576","f-0100003528","31007","OUVERTURES","https://www.youtube.com/watch?v=wg1whNLXoRs","//silver.afi.com/CDN/media/entity/get/FilmPosterGraphic/f-0100003528?width=121&height=180&referenceScheme=Global&allowPlaceHolder=true","Sunday, June 19, 2022","2022-06-19T13:45:00","01:45 PM","//silver.afi.com/Ticketing/visSelectTickets.aspx?cinemacode=1001&txtSessionId=31007&visLang=1","Documentary - history","132 Minutes","AFI - AFI Silver 2"
"tt0100332","f-0100003447","30414","PARIS IS BURNING","https://www.youtube.com/watch?v=9SqvD1-0odY","//silver.afi.com/CDN/media/entity/get/FilmPosterGraphic/f-0100003447?width=121&height=180&referenceScheme=Global&allowPlaceHolder=true","Saturday, June 18, 2022","2022-06-18T22:00:00","10:00 PM","//silver.afi.com/Ticketing/visSelectTickets.aspx?cinemacode=1001&txtSessionId=30414&visLang=1","Documentary - LGBTQ","76 Minutes","AFI - AFI Silver 1"
"tt0100332","f-0100003447","30415","PARIS IS BURNING","https://www.youtube.com/watch?v=9SqvD1-0odY","//silver.afi.com/CDN/media/entity/get/FilmPosterGraphic/f-0100003447?width=121&height=180&referenceScheme=Global&allowPlaceHolder=true","Saturday, June 18, 2022","2022-06-19T13:30:00","01:30 PM","//silver.afi.com/Ticketing/visSelectTickets.aspx?cinemacode=1001&txtSessionId=30415&visLang=1","Documentary - LGBTQ","76 Minutes","AFI - AFI Silver 1"
"tt0100332","f-0100003447","30416","PARIS IS BURNING","https://www.youtube.com/watch?v=9SqvD1-0odY","//silver.afi.com/CDN/media/entity/get/FilmPosterGraphic/f-0100003447?width=121&height=180&referenceScheme=Global&allowPlaceHolder=true","Saturday, June 18, 2022","2022-06-22T21:15:00","09:15 PM","//silver.afi.com/Ticketing/visSelectTickets.aspx?cinemacode=1001&txtSessionId=30416&visLang=1","Documentary - LGBTQ","76 Minutes","AFI - AFI Silver 1"
NA,"f-0100000692","31136","PHANTOM OF THE PARADISE with live shadowcast","https://www.youtube.com/watch?v=N9MIJb0SUAM","//silver.afi.com/CDN/media/entity/get/FilmPosterGraphic/f-0100000692?width=121&height=180&referenceScheme=Global&allowPlaceHolder=true","Saturday, August 06, 2022","2022-08-06T22:00:00","10:00 PM","//silver.afi.com/Ticketing/visSelectTickets.aspx?cinemacode=1001&txtSessionId=31136&visLang=1","Musical fantasy","92 Minutes","AFI - AFI Silver 1"
"tt0876563","f-0100002716","30147","PONYO","https://www.youtube.com/watch?v=aYYmKmdCNsQ","//silver.afi.com/CDN/media/entity/get/FilmPosterGraphic/f-0100002716?width=121&height=180&referenceScheme=Global&allowPlaceHolder=true","Saturday, July 02, 2022","2022-07-02T11:00:00","11:00 AM","//silver.afi.com/Ticketing/visSelectTickets.aspx?cinemacode=1001&txtSessionId=30147&visLang=1","Animation, family","101 Minutes","AFI - AFI Silver 1"
"tt0876563","f-0100002716","30148","PONYO","https://www.youtube.com/watch?v=aYYmKmdCNsQ","//silver.afi.com/CDN/media/entity/get/FilmPosterGraphic/f-0100002716?width=121&height=180&referenceScheme=Global&allowPlaceHolder=true","Saturday, July 02, 2022","2022-07-04T11:00:00","11:00 AM","//silver.afi.com/Ticketing/visSelectTickets.aspx?cinemacode=1001&txtSessionId=30148&visLang=1","Animation, family","101 Minutes","AFI - AFI Silver 1"
"tt0876563","f-0100002716","30149","PONYO","https://www.youtube.com/watch?v=aYYmKmdCNsQ","//silver.afi.com/CDN/media/entity/get/FilmPosterGraphic/f-0100002716?width=121&height=180&referenceScheme=Global&allowPlaceHolder=true","Saturday, July 02, 2022","2022-07-05T17:00:00","05:00 PM","//silver.afi.com/Ticketing/visSelectTickets.aspx?cinemacode=1001&txtSessionId=30149&visLang=1","Animation, family","101 Minutes","AFI - AFI Silver 1"
"tt0056370","f-0100003513","30787","PRESSURE POINT (1962)","https://www.youtube.com/watch?v=YWMJlDzJK7c","//silver.afi.com/CDN/media/entity/get/FilmPosterGraphic/f-0100003513?width=121&height=180&referenceScheme=Global&allowPlaceHolder=true","Sunday, July 03, 2022","2022-07-03T15:30:00","03:30 PM","//silver.afi.com/Ticketing/visSelectTickets.aspx?cinemacode=1001&txtSessionId=30787&visLang=1","Drama","91 Minutes","AFI - AFI Silver 1"
"tt0056370","f-0100003513","30788","PRESSURE POINT (1962)","https://www.youtube.com/watch?v=YWMJlDzJK7c","//silver.afi.com/CDN/media/entity/get/FilmPosterGraphic/f-0100003513?width=121&height=180&referenceScheme=Global&allowPlaceHolder=true","Sunday, July 03, 2022","2022-07-05T19:00:00","07:00 PM","//silver.afi.com/Ticketing/visSelectTickets.aspx?cinemacode=1001&txtSessionId=30788&visLang=1","Drama","91 Minutes","AFI - AFI Silver 1"
"tt0056370","f-0100003513","30789","PRESSURE POINT (1962)","https://www.youtube.com/watch?v=YWMJlDzJK7c","//silver.afi.com/CDN/media/entity/get/FilmPosterGraphic/f-0100003513?width=121&height=180&referenceScheme=Global&allowPlaceHolder=true","Sunday, July 03, 2022","2022-07-06T15:00:00","03:00 PM","//silver.afi.com/Ticketing/visSelectTickets.aspx?cinemacode=1001&txtSessionId=30789&visLang=1","Drama","91 Minutes","AFI - AFI Silver 1"
"tt0055353","f-0100003508","30770","RAISIN IN THE SUN, A (1961)","https://www.youtube.com/watch?v=e_NvQSLv7rI","//silver.afi.com/CDN/media/entity/get/FilmPosterGraphic/f-0100003508?width=121&height=180&referenceScheme=Global&allowPlaceHolder=true","Saturday, June 18, 2022","2022-06-18T15:20:00","03:20 PM","//silver.afi.com/Ticketing/visSelectTickets.aspx?cinemacode=1001&txtSessionId=30770&visLang=1","Drama","128 Minutes","AFI - AFI Silver 1"
"tt0055353","f-0100003508","30771","RAISIN IN THE SUN, A (1961)","https://www.youtube.com/watch?v=e_NvQSLv7rI","//silver.afi.com/CDN/media/entity/get/FilmPosterGraphic/f-0100003508?width=121&height=180&referenceScheme=Global&allowPlaceHolder=true","Saturday, June 18, 2022","2022-06-19T15:20:00","03:20 PM","//silver.afi.com/Ticketing/visSelectTickets.aspx?cinemacode=1001&txtSessionId=30771&visLang=1","Drama","128 Minutes","AFI - AFI Silver 1"
"tt0055353","f-0100003508","30772","RAISIN IN THE SUN, A (1961)","https://www.youtube.com/watch?v=e_NvQSLv7rI","//silver.afi.com/CDN/media/entity/get/FilmPosterGraphic/f-0100003508?width=121&height=180&referenceScheme=Global&allowPlaceHolder=true","Saturday, June 18, 2022","2022-06-20T14:05:00","02:05 PM","//silver.afi.com/Ticketing/visSelectTickets.aspx?cinemacode=1001&txtSessionId=30772&visLang=1","Drama","128 Minutes","AFI - AFI Silver 1"
"tt0055353","f-0100003508","30773","RAISIN IN THE SUN, A (1961)","https://www.youtube.com/watch?v=e_NvQSLv7rI","//silver.afi.com/CDN/media/entity/get/FilmPosterGraphic/f-0100003508?width=121&height=180&referenceScheme=Global&allowPlaceHolder=true","Saturday, June 18, 2022","2022-06-22T14:05:00","02:05 PM","//silver.afi.com/Ticketing/visSelectTickets.aspx?cinemacode=1001&txtSessionId=30773&visLang=1","Drama","128 Minutes","AFI - AFI Silver 1"
"tt9174746","f-0100003538","30991","REBEL DREAD","https://www.youtube.com/watch?v=rWx03brXdeI","//silver.afi.com/CDN/media/entity/get/FilmPosterGraphic/f-0100003538?width=121&height=180&referenceScheme=Global&allowPlaceHolder=true","Saturday, June 18, 2022","2022-06-18T18:00:00","06:00 PM","//silver.afi.com/Ticketing/visSelectTickets.aspx?cinemacode=1001&txtSessionId=30991&visLang=1","Documentary - music","87 Minutes","AFI - AFI Silver 1"
"tt10442666","f-0100003535","30992","SHE PARADISE","https://www.youtube.com/watch?v=ArhKGfi0MI8","//silver.afi.com/CDN/media/entity/get/FilmPosterGraphic/f-0100003535?width=121&height=180&referenceScheme=Global&allowPlaceHolder=true","Saturday, June 18, 2022","2022-06-18T20:00:00","08:00 PM","//silver.afi.com/Ticketing/visSelectTickets.aspx?cinemacode=1001&txtSessionId=30992&visLang=1","Drama, coming-of-age","74 Minutes","AFI - AFI Silver 1"
"tt0059729","f-0100003509","30774","SLENDER THREAD, THE","https://www.youtube.com/watch?v=6CCxVqolLW4","//silver.afi.com/CDN/media/entity/get/FilmPosterGraphic/f-0100003509?width=121&height=180&referenceScheme=Global&allowPlaceHolder=true","Friday, June 24, 2022","2022-06-24T12:00:00","12:00 PM","//silver.afi.com/Ticketing/visSelectTickets.aspx?cinemacode=1001&txtSessionId=30774&visLang=1","Drama","98 Minutes","AFI - AFI Silver 2"
"tt0059729","f-0100003509","30775","SLENDER THREAD, THE","https://www.youtube.com/watch?v=6CCxVqolLW4","//silver.afi.com/CDN/media/entity/get/FilmPosterGraphic/f-0100003509?width=121&height=180&referenceScheme=Global&allowPlaceHolder=true","Friday, June 24, 2022","2022-06-25T15:00:00","03:00 PM","//silver.afi.com/Ticketing/visSelectTickets.aspx?cinemacode=1001&txtSessionId=30775&visLang=1","Drama","98 Minutes","AFI - AFI Silver 2"
"tt0059729","f-0100003509","30776","SLENDER THREAD, THE","https://www.youtube.com/watch?v=6CCxVqolLW4","//silver.afi.com/CDN/media/entity/get/FilmPosterGraphic/f-0100003509?width=121&height=180&referenceScheme=Global&allowPlaceHolder=true","Friday, June 24, 2022","2022-06-27T14:15:00","02:15 PM","//silver.afi.com/Ticketing/visSelectTickets.aspx?cinemacode=1001&txtSessionId=30776&visLang=1","Drama","98 Minutes","AFI - AFI Silver 3"
"tt0059729","f-0100003509","30777","SLENDER THREAD, THE","https://www.youtube.com/watch?v=6CCxVqolLW4","//silver.afi.com/CDN/media/entity/get/FilmPosterGraphic/f-0100003509?width=121&height=180&referenceScheme=Global&allowPlaceHolder=true","Friday, June 24, 2022","2022-06-29T14:15:00","02:15 PM","//silver.afi.com/Ticketing/visSelectTickets.aspx?cinemacode=1001&txtSessionId=30777&visLang=1","Drama","98 Minutes","AFI - AFI Silver 1"
"tt0105435","f-0100003514","30790","SNEAKERS","https://www.youtube.com/watch?v=LlKDkTbUFhU","//silver.afi.com/CDN/media/entity/get/FilmPosterGraphic/f-0100003514?width=121&height=180&referenceScheme=Global&allowPlaceHolder=true","Sunday, July 10, 2022","2022-07-10T15:30:00","03:30 PM","//silver.afi.com/Ticketing/visSelectTickets.aspx?cinemacode=1001&txtSessionId=30790&visLang=1","Thriller","126 Minutes","AFI - AFI Silver 1"
"tt0105435","f-0100003514","30791","SNEAKERS","https://www.youtube.com/watch?v=LlKDkTbUFhU","//silver.afi.com/CDN/media/entity/get/FilmPosterGraphic/f-0100003514?width=121&height=180&referenceScheme=Global&allowPlaceHolder=true","Sunday, July 10, 2022","2022-07-13T18:45:00","06:45 PM","//silver.afi.com/Ticketing/visSelectTickets.aspx?cinemacode=1001&txtSessionId=30791&visLang=1","Thriller","126 Minutes","AFI - AFI Silver 3"
"tt0245429","f-0100003417","30128","SPIRITED AWAY","https://www.youtube.com/watch?v=QRQMNr5gQ8k","//silver.afi.com/CDN/media/entity/get/FilmPosterGraphic/f-0100003417?width=121&height=180&referenceScheme=Global&allowPlaceHolder=true","Sunday, June 19, 2022","2022-06-19T11:00:00","11:00 AM","//silver.afi.com/Ticketing/visSelectTickets.aspx?cinemacode=1001&txtSessionId=30128&visLang=1","Animation, drama","125 Minutes","AFI - AFI Silver 1"
"tt0245429","f-0100003417","30129","SPIRITED AWAY","https://www.youtube.com/watch?v=QRQMNr5gQ8k","//silver.afi.com/CDN/media/entity/get/FilmPosterGraphic/f-0100003417?width=121&height=180&referenceScheme=Global&allowPlaceHolder=true","Sunday, June 19, 2022","2022-06-21T16:30:00","04:30 PM","//silver.afi.com/Ticketing/visSelectTickets.aspx?cinemacode=1001&txtSessionId=30129&visLang=1","Animation, drama","125 Minutes","AFI - AFI Silver 1"
"tt0245429","f-0100003417","30130","SPIRITED AWAY","https://www.youtube.com/watch?v=QRQMNr5gQ8k","//silver.afi.com/CDN/media/entity/get/FilmPosterGraphic/f-0100003417?width=121&height=180&referenceScheme=Global&allowPlaceHolder=true","Sunday, June 19, 2022","2022-06-21T18:45:00","06:45 PM","//silver.afi.com/Ticketing/visSelectTickets.aspx?cinemacode=1001&txtSessionId=30130&visLang=1","Animation, drama","125 Minutes","AFI - AFI Silver 3"
"tt0245429","f-0100003417","30131","SPIRITED AWAY","https://www.youtube.com/watch?v=QRQMNr5gQ8k","//silver.afi.com/CDN/media/entity/get/FilmPosterGraphic/f-0100003417?width=121&height=180&referenceScheme=Global&allowPlaceHolder=true","Sunday, June 19, 2022","2022-06-23T16:30:00","04:30 PM","//silver.afi.com/Ticketing/visSelectTickets.aspx?cinemacode=1001&txtSessionId=30131&visLang=1","Animation, drama","125 Minutes","AFI - AFI Silver 1"
"tt0081562","f-0100003515","30792","STIR CRAZY","https://www.youtube.com/watch?v=1U1h0aYcXyQ","//silver.afi.com/CDN/media/entity/get/FilmPosterGraphic/f-0100003515?width=121&height=180&referenceScheme=Global&allowPlaceHolder=true","Sunday, July 10, 2022","2022-07-10T20:15:00","08:15 PM","//silver.afi.com/Ticketing/visSelectTickets.aspx?cinemacode=1001&txtSessionId=30792&visLang=1","Comedy","111 Minutes","AFI - AFI Silver 1"
"tt0081562","f-0100003515","30793","STIR CRAZY","https://www.youtube.com/watch?v=1U1h0aYcXyQ","//silver.afi.com/CDN/media/entity/get/FilmPosterGraphic/f-0100003515?width=121&height=180&referenceScheme=Global&allowPlaceHolder=true","Sunday, July 10, 2022","2022-07-11T18:45:00","06:45 PM","//silver.afi.com/Ticketing/visSelectTickets.aspx?cinemacode=1001&txtSessionId=30793&visLang=1","Comedy","111 Minutes","AFI - AFI Silver 3"
"tt0078335","f-0100003452","30430","STUNT ROCK","https://www.youtube.com/watch?v=4OkXef2leWA","//silver.afi.com/CDN/media/entity/get/FilmPosterGraphic/f-0100003452?width=121&height=180&referenceScheme=Global&allowPlaceHolder=true","Friday, July 01, 2022","2022-07-01T22:00:00","10:00 PM","//silver.afi.com/Ticketing/visSelectTickets.aspx?cinemacode=1001&txtSessionId=30430&visLang=1","Mockumentary","86 Minutes","AFI - AFI Silver 1"
"tt0078335","f-0100003452","30431","STUNT ROCK","https://www.youtube.com/watch?v=4OkXef2leWA","//silver.afi.com/CDN/media/entity/get/FilmPosterGraphic/f-0100003452?width=121&height=180&referenceScheme=Global&allowPlaceHolder=true","Friday, July 01, 2022","2022-07-02T23:00:00","11:00 PM","//silver.afi.com/Ticketing/visSelectTickets.aspx?cinemacode=1001&txtSessionId=30431&visLang=1","Mockumentary","86 Minutes","AFI - AFI Silver 1"
"tt0078335","f-0100003452","30432","STUNT ROCK","https://www.youtube.com/watch?v=4OkXef2leWA","//silver.afi.com/CDN/media/entity/get/FilmPosterGraphic/f-0100003452?width=121&height=180&referenceScheme=Global&allowPlaceHolder=true","Friday, July 01, 2022","2022-07-07T21:20:00","09:20 PM","//silver.afi.com/Ticketing/visSelectTickets.aspx?cinemacode=1001&txtSessionId=30432&visLang=1","Mockumentary","86 Minutes","AFI - AFI Silver 1"
"tt0495596","f-0100003419","30135","TALES FROM EARTHSEA","https://www.youtube.com/watch?v=8hxYx3Jq3kI","//silver.afi.com/CDN/media/entity/get/FilmPosterGraphic/f-0100003419?width=121&height=180&referenceScheme=Global&allowPlaceHolder=true","Friday, June 24, 2022","2022-06-24T14:10:00","02:10 PM","//silver.afi.com/Ticketing/visSelectTickets.aspx?cinemacode=1001&txtSessionId=30135&visLang=1","Animation, fantasy","115 Minutes","AFI - AFI Silver 2"
"tt0495596","f-0100003419","30136","TALES FROM EARTHSEA","https://www.youtube.com/watch?v=8hxYx3Jq3kI","//silver.afi.com/CDN/media/entity/get/FilmPosterGraphic/f-0100003419?width=121&height=180&referenceScheme=Global&allowPlaceHolder=true","Friday, June 24, 2022","2022-06-25T11:00:00","11:00 AM","//silver.afi.com/Ticketing/visSelectTickets.aspx?cinemacode=1001&txtSessionId=30136&visLang=1","Animation, fantasy","115 Minutes","AFI - AFI Silver 2"
"tt0495596","f-0100003419","30137","TALES FROM EARTHSEA","https://www.youtube.com/watch?v=8hxYx3Jq3kI","//silver.afi.com/CDN/media/entity/get/FilmPosterGraphic/f-0100003419?width=121&height=180&referenceScheme=Global&allowPlaceHolder=true","Friday, June 24, 2022","2022-06-27T16:30:00","04:30 PM","//silver.afi.com/Ticketing/visSelectTickets.aspx?cinemacode=1001&txtSessionId=30137&visLang=1","Animation, fantasy","115 Minutes","AFI - AFI Silver 3"
"tt0495596","f-0100003419","30138","TALES FROM EARTHSEA","https://www.youtube.com/watch?v=8hxYx3Jq3kI","//silver.afi.com/CDN/media/entity/get/FilmPosterGraphic/f-0100003419?width=121&height=180&referenceScheme=Global&allowPlaceHolder=true","Friday, June 24, 2022","2022-06-29T16:30:00","04:30 PM","//silver.afi.com/Ticketing/visSelectTickets.aspx?cinemacode=1001&txtSessionId=30138&visLang=1","Animation, fantasy","115 Minutes","AFI - AFI Silver 1"
"tt0347618","f-0100003416","30132","THE CAT RETURNS with GHIBLIES: EPISODE 2","https://www.youtube.com/watch?v=Gp-H_YOcYTM","//silver.afi.com/CDN/media/entity/get/FilmPosterGraphic/f-0100003416?width=121&height=180&referenceScheme=Global&allowPlaceHolder=true","Saturday, June 18, 2022","2022-06-18T11:00:00","11:00 AM","//silver.afi.com/Ticketing/visSelectTickets.aspx?cinemacode=1001&txtSessionId=30132&visLang=1","Animation, family","100 Minutes","AFI - AFI Silver 1"
"tt0347618","f-0100003416","30133","THE CAT RETURNS with GHIBLIES: EPISODE 2","https://www.youtube.com/watch?v=Gp-H_YOcYTM","//silver.afi.com/CDN/media/entity/get/FilmPosterGraphic/f-0100003416?width=121&height=180&referenceScheme=Global&allowPlaceHolder=true","Saturday, June 18, 2022","2022-06-20T16:45:00","04:45 PM","//silver.afi.com/Ticketing/visSelectTickets.aspx?cinemacode=1001&txtSessionId=30133&visLang=1","Animation, family","100 Minutes","AFI - AFI Silver 1"
"tt0347618","f-0100003416","30134","THE CAT RETURNS with GHIBLIES: EPISODE 2","https://www.youtube.com/watch?v=Gp-H_YOcYTM","//silver.afi.com/CDN/media/entity/get/FilmPosterGraphic/f-0100003416?width=121&height=180&referenceScheme=Global&allowPlaceHolder=true","Saturday, June 18, 2022","2022-06-22T16:45:00","04:45 PM","//silver.afi.com/Ticketing/visSelectTickets.aspx?cinemacode=1001&txtSessionId=30134&visLang=1","Animation, family","100 Minutes","AFI - AFI Silver 1"
NA,"f-0100003543","31218","THE LOST RECORD","https://www.youtube.com/watch?v=9KAj-uFKlMw","//silver.afi.com/CDN/media/entity/get/FilmPosterGraphic/f-0100003543?width=121&height=180&referenceScheme=Global&allowPlaceHolder=true","Friday, August 26, 2022","2022-08-26T19:00:00","07:00 PM","//silver.afi.com/Ticketing/visSelectTickets.aspx?cinemacode=1001&txtSessionId=31218&visLang=1","Avant-garde","76 Minutes","AFI - AFI Silver 1"
NA,"f-0100003543","31219","THE LOST RECORD","https://www.youtube.com/watch?v=9KAj-uFKlMw","//silver.afi.com/CDN/media/entity/get/FilmPosterGraphic/f-0100003543?width=121&height=180&referenceScheme=Global&allowPlaceHolder=true","Friday, August 26, 2022","2022-08-27T19:00:00","07:00 PM","//silver.afi.com/Ticketing/visSelectTickets.aspx?cinemacode=1001&txtSessionId=31219&visLang=1","Avant-garde","76 Minutes","AFI - AFI Silver 1"
"tt1568921","f-0100003420","30150","THE SECRET WORLD OF ARRIETTY","https://www.youtube.com/watch?v=9zW_o7uaAPQ","//silver.afi.com/CDN/media/entity/get/FilmPosterGraphic/f-0100003420?width=121&height=180&referenceScheme=Global&allowPlaceHolder=true","Saturday, July 02, 2022","2022-07-02T13:10:00","01:10 PM","//silver.afi.com/Ticketing/visSelectTickets.aspx?cinemacode=1001&txtSessionId=30150&visLang=1","Animation, coming-of-age","94 Minutes","AFI - AFI Silver 1"
"tt1568921","f-0100003420","30151","THE SECRET WORLD OF ARRIETTY","https://www.youtube.com/watch?v=9zW_o7uaAPQ","//silver.afi.com/CDN/media/entity/get/FilmPosterGraphic/f-0100003420?width=121&height=180&referenceScheme=Global&allowPlaceHolder=true","Saturday, July 02, 2022","2022-07-03T11:00:00","11:00 AM","//silver.afi.com/Ticketing/visSelectTickets.aspx?cinemacode=1001&txtSessionId=30151&visLang=1","Animation, coming-of-age","94 Minutes","AFI - AFI Silver 1"
"tt1568921","f-0100003420","30152","THE SECRET WORLD OF ARRIETTY","https://www.youtube.com/watch?v=9zW_o7uaAPQ","//silver.afi.com/CDN/media/entity/get/FilmPosterGraphic/f-0100003420?width=121&height=180&referenceScheme=Global&allowPlaceHolder=true","Saturday, July 02, 2022","2022-07-06T17:00:00","05:00 PM","//silver.afi.com/Ticketing/visSelectTickets.aspx?cinemacode=1001&txtSessionId=30152&visLang=1","Animation, coming-of-age","94 Minutes","AFI - AFI Silver 1"
"tt2576852","f-0100003422","30159","THE TALE OF THE PRINCESS KAGUYA","https://www.youtube.com/watch?v=PZK2y9NAaNo","//silver.afi.com/CDN/media/entity/get/FilmPosterGraphic/f-0100003422?width=121&height=180&referenceScheme=Global&allowPlaceHolder=true","Saturday, July 09, 2022","2022-07-09T13:00:00","01:00 PM","//silver.afi.com/Ticketing/visSelectTickets.aspx?cinemacode=1001&txtSessionId=30159&visLang=1","Animation, drama","137 Minutes","AFI - AFI Silver 1"
"tt2576852","f-0100003422","30160","THE TALE OF THE PRINCESS KAGUYA","https://www.youtube.com/watch?v=PZK2y9NAaNo","//silver.afi.com/CDN/media/entity/get/FilmPosterGraphic/f-0100003422?width=121&height=180&referenceScheme=Global&allowPlaceHolder=true","Saturday, July 09, 2022","2022-07-12T16:30:00","04:30 PM","//silver.afi.com/Ticketing/visSelectTickets.aspx?cinemacode=1001&txtSessionId=30160&visLang=1","Animation, drama","137 Minutes","AFI - AFI Silver 1"
"tt2013293","f-0100003423","30161","THE WIND RISES","https://www.youtube.com/watch?v=2QFBZgAZx7g","//silver.afi.com/CDN/media/entity/get/FilmPosterGraphic/f-0100003423?width=121&height=180&referenceScheme=Global&allowPlaceHolder=true","Sunday, July 10, 2022","2022-07-10T13:00:00","01:00 PM","//silver.afi.com/Ticketing/visSelectTickets.aspx?cinemacode=1001&txtSessionId=30161&visLang=1","Animation, drama","127 Minutes","AFI - AFI Silver 1"
"tt2013293","f-0100003423","30162","THE WIND RISES","https://www.youtube.com/watch?v=2QFBZgAZx7g","//silver.afi.com/CDN/media/entity/get/FilmPosterGraphic/f-0100003423?width=121&height=180&referenceScheme=Global&allowPlaceHolder=true","Sunday, July 10, 2022","2022-07-11T19:00:00","07:00 PM","//silver.afi.com/Ticketing/visSelectTickets.aspx?cinemacode=1001&txtSessionId=30162&visLang=1","Animation, drama","127 Minutes","AFI - AFI Silver 1"
"tt2013293","f-0100003423","30163","THE WIND RISES","https://www.youtube.com/watch?v=2QFBZgAZx7g","//silver.afi.com/CDN/media/entity/get/FilmPosterGraphic/f-0100003423?width=121&height=180&referenceScheme=Global&allowPlaceHolder=true","Sunday, July 10, 2022","2022-07-13T16:30:00","04:30 PM","//silver.afi.com/Ticketing/visSelectTickets.aspx?cinemacode=1001&txtSessionId=30163&visLang=1","Animation, drama","127 Minutes","AFI - AFI Silver 1"
"tt0062376","f-0100003510","30778","TO SIR, WITH LOVE","https://www.youtube.com/watch?v=jLS16qQclV8","//silver.afi.com/CDN/media/entity/get/FilmPosterGraphic/f-0100003510?width=121&height=180&referenceScheme=Global&allowPlaceHolder=true","Sunday, June 26, 2022","2022-06-26T16:30:00","04:30 PM","//silver.afi.com/Ticketing/visSelectTickets.aspx?cinemacode=1001&txtSessionId=30778&visLang=1","Drama","105 Minutes","AFI - AFI Silver 2"
"tt0062376","f-0100003510","30779","TO SIR, WITH LOVE","https://www.youtube.com/watch?v=jLS16qQclV8","//silver.afi.com/CDN/media/entity/get/FilmPosterGraphic/f-0100003510?width=121&height=180&referenceScheme=Global&allowPlaceHolder=true","Sunday, June 26, 2022","2022-06-28T14:15:00","02:15 PM","//silver.afi.com/Ticketing/visSelectTickets.aspx?cinemacode=1001&txtSessionId=30779&visLang=1","Drama","105 Minutes","AFI - AFI Silver 1"
"tt0062376","f-0100003510","30780","TO SIR, WITH LOVE","https://www.youtube.com/watch?v=jLS16qQclV8","//silver.afi.com/CDN/media/entity/get/FilmPosterGraphic/f-0100003510?width=121&height=180&referenceScheme=Global&allowPlaceHolder=true","Sunday, June 26, 2022","2022-06-30T14:15:00","02:15 PM","//silver.afi.com/Ticketing/visSelectTickets.aspx?cinemacode=1001&txtSessionId=30780&visLang=1","Drama","105 Minutes","AFI - AFI Silver 1"
"tt3398268","f-0100003424","30153","WHEN MARNIE WAS THERE","https://www.youtube.com/watch?v=P-sixU3ZrXg","//silver.afi.com/CDN/media/entity/get/FilmPosterGraphic/f-0100003424?width=121&height=180&referenceScheme=Global&allowPlaceHolder=true","Friday, July 08, 2022","2022-07-08T17:00:00","05:00 PM","//silver.afi.com/Ticketing/visSelectTickets.aspx?cinemacode=1001&txtSessionId=30153&visLang=1","Animation, drama","103 Minutes","AFI - AFI Silver 1"
"tt3398268","f-0100003424","30154","WHEN MARNIE WAS THERE","https://www.youtube.com/watch?v=P-sixU3ZrXg","//silver.afi.com/CDN/media/entity/get/FilmPosterGraphic/f-0100003424?width=121&height=180&referenceScheme=Global&allowPlaceHolder=true","Friday, July 08, 2022","2022-07-13T19:00:00","07:00 PM","//silver.afi.com/Ticketing/visSelectTickets.aspx?cinemacode=1001&txtSessionId=30154&visLang=1","Animation, drama","103 Minutes","AFI - AFI Silver 1"
"tt3398268","f-0100003424","30155","WHEN MARNIE WAS THERE","https://www.youtube.com/watch?v=P-sixU3ZrXg","//silver.afi.com/CDN/media/entity/get/FilmPosterGraphic/f-0100003424?width=121&height=180&referenceScheme=Global&allowPlaceHolder=true","Friday, July 08, 2022","2022-07-14T17:00:00","05:00 PM","//silver.afi.com/Ticketing/visSelectTickets.aspx?cinemacode=1001&txtSessionId=30155&visLang=1","Animation, drama","103 Minutes","AFI - AFI Silver 1"
"tt0044000","f-0100003448","30417","WHITE SHEIK, THE (1952)","https://www.youtube.com/watch?v=6dvi0d5mT3U","//silver.afi.com/CDN/media/entity/get/FilmPosterGraphic/f-0100003448?width=121&height=180&referenceScheme=Global&allowPlaceHolder=true","Friday, June 24, 2022","2022-06-24T19:00:00","07:00 PM","//silver.afi.com/Ticketing/visSelectTickets.aspx?cinemacode=1001&txtSessionId=30417&visLang=1","Romantic comedy","83 Minutes","AFI - AFI Silver 2"
"tt0044000","f-0100003448","30418","WHITE SHEIK, THE (1952)","https://www.youtube.com/watch?v=6dvi0d5mT3U","//silver.afi.com/CDN/media/entity/get/FilmPosterGraphic/f-0100003448?width=121&height=180&referenceScheme=Global&allowPlaceHolder=true","Friday, June 24, 2022","2022-06-27T12:20:00","12:20 PM","//silver.afi.com/Ticketing/visSelectTickets.aspx?cinemacode=1001&txtSessionId=30418&visLang=1","Romantic comedy","83 Minutes","AFI - AFI Silver 3"
"tt0044000","f-0100003448","30419","WHITE SHEIK, THE (1952)","https://www.youtube.com/watch?v=6dvi0d5mT3U","//silver.afi.com/CDN/media/entity/get/FilmPosterGraphic/f-0100003448?width=121&height=180&referenceScheme=Global&allowPlaceHolder=true","Friday, June 24, 2022","2022-06-27T19:00:00","07:00 PM","//silver.afi.com/Ticketing/visSelectTickets.aspx?cinemacode=1001&txtSessionId=30419&visLang=1","Romantic comedy","83 Minutes","AFI - AFI Silver 1"
"tt0044000","f-0100003448","30420","WHITE SHEIK, THE (1952)","https://www.youtube.com/watch?v=6dvi0d5mT3U","//silver.afi.com/CDN/media/entity/get/FilmPosterGraphic/f-0100003448?width=121&height=180&referenceScheme=Global&allowPlaceHolder=true","Friday, June 24, 2022","2022-06-29T12:20:00","12:20 PM","//silver.afi.com/Ticketing/visSelectTickets.aspx?cinemacode=1001&txtSessionId=30420&visLang=1","Romantic comedy","83 Minutes","AFI - AFI Silver 1"
"tt0044000","f-0100003448","30421","WHITE SHEIK, THE (1952)","https://www.youtube.com/watch?v=6dvi0d5mT3U","//silver.afi.com/CDN/media/entity/get/FilmPosterGraphic/f-0100003448?width=121&height=180&referenceScheme=Global&allowPlaceHolder=true","Friday, June 24, 2022","2022-06-29T19:00:00","07:00 PM","//silver.afi.com/Ticketing/visSelectTickets.aspx?cinemacode=1001&txtSessionId=30421&visLang=1","Romantic comedy","83 Minutes","AFI - AFI Silver 1"
