"ItemTitle","IMDBid","ItemYear","ItemRuntime","Rating","Rated.Date","Seen","Service","Type"
"À Nous la Liberté","tt0022599",1931,"97 min",NA,NA,"No",NA,NA
"About Schmidt","tt0257360",2002,"125 min","4","Rated on 09 Jul 2021","Yes",NA,NA
"Absence of Malice","tt0081974",1981,"116 min",NA,NA,"No",NA,NA
"Adam's Rib","tt0041090",1949,"101 min","6","Rated on 09 Jul 2021","Yes",NA,NA
"Adaptation.","tt0268126",2002,"115 min","5","Rated on 09 Jul 2021","Yes",NA,NA
"The Adjuster","tt0101273",1991,"102 min",NA,NA,"No",NA,NA
"The Adventures of Robin Hood","tt0029843",1938,"102 min",NA,NA,"No",NA,NA
"Affliction","tt0118564",1997,"114 min",NA,NA,"No","Prime","Feature Film"
"The African Queen","tt0043265",1951,"105 min","8","Rated on 09 Jul 2021","Yes","Prime","Feature Film"
"L'Age d'Or","tt0021577",1930,"63 min",NA,NA,"No",NA,NA
"Aguirre, the Wrath of God","tt0068182",1972,"95 min",NA,NA,"No","Prime","Feature Film"
"A.I. Artificial Intelligence","tt0212720",2001,"146 min","4","Rated on 09 Jul 2021","Yes",NA,NA
"Airplane!","tt0080339",1980,"88 min",NA,NA,"No",NA,NA
"Aladdin","tt0103639",1992,"90 min","6","Rated on 09 Jul 2021","Yes",NA,NA
"Alexander Nevsky","tt0029850",1938,"112 min",NA,NA,"No",NA,NA
"Alice Doesn't Live Here Anymore","tt0071115",1974,"112 min","7","Rated on 11 Nov 2021","Yes",NA,NA
"Alice's Restaurant","tt0064002",1969,"111 min",NA,NA,"No",NA,NA
"Aliens","tt0090605",1986,"137 min","7","Rated on 09 Jul 2021","Yes",NA,NA
"All About Eve","tt0042192",1950,"138 min",NA,NA,"No",NA,NA
"All About My Mother","tt0185125",1999,"101 min",NA,NA,"No",NA,NA
"All Quiet on the Western Front","tt0020629",1930,"152 min",NA,NA,"No",NA,NA
"All That Heaven Allows","tt0047811",1955,"89 min",NA,NA,"No",NA,NA
"All the King's Men","tt0041113",1949,"110 min",NA,NA,"No",NA,NA
"All the President's Men","tt0074119",1976,"138 min","8","Rated on 09 Jul 2021","Yes",NA,NA
"Amadeus","tt0086879",1984,"160 min","8","Rated on 09 Jul 2021","Yes",NA,NA
"Amarcord","tt0071129",1973,"123 min","8","Rated on 11 Jul 2021","Yes",NA,NA
"Amélie","tt0211915",2001,"122 min","7","Rated on 09 Jul 2021","Yes",NA,NA
"America America","tt0056825",1963,"174 min",NA,NA,"No",NA,NA
"The American Friend","tt0075675",1977,"128 min",NA,NA,"No",NA,NA
"American Graffiti","tt0069704",1973,"110 min","6","Rated on 09 Jul 2021","Yes",NA,NA
"An American in Paris","tt0043278",1951,"114 min","6","Rated on 09 Jul 2021","Yes",NA,NA
"The Americanization of Emily","tt0057840",1964,"115 min",NA,NA,"No",NA,NA
"American Movie","tt0181288",1999,"107 min",NA,NA,"No",NA,NA
"Amores perros","tt0245712",2000,"154 min",NA,NA,"No",NA,NA
"Anastasia","tt0048947",1956,"105 min",NA,NA,"No",NA,NA
"Anatomy of a Murder","tt0052561",1959,"161 min","9","Rated on 14 Jan 2022","Yes",NA,NA
"The Angry Silence","tt0053602",1960,"95 min",NA,NA,"No",NA,NA
"Anna and the King of Siam","tt0038303",1946,"128 min",NA,NA,"No",NA,NA
"Anna Christie","tt0020641",1930,"89 min",NA,NA,"No",NA,NA
"Annie Hall","tt0075686",1977,"93 min",NA,NA,"No",NA,NA
"The Apartment","tt0053604",1960,"125 min","8","Rated on 09 Jul 2021","Yes",NA,NA
"Apocalypse Now","tt0078788",1979,"147 min","9","Rated on 09 Jul 2021","Yes",NA,NA
"Apollo 13","tt0112384",1995,"140 min","8","Rated on 09 Jul 2021","Yes",NA,NA
"The Apostle","tt0118632",1997,"134 min",NA,NA,"No",NA,NA
"L'Argent","tt0085180",1983,"85 min",NA,NA,"No",NA,NA
"Ashes and Diamonds","tt0052080",1958,"103 min",NA,NA,"No",NA,NA
"The Asphalt Jungle","tt0042208",1950,"112 min","7","Rated on 28 Oct 2021","Yes",NA,NA
"L'Atalante","tt0024844",1934,"89 min",NA,NA,"No",NA,NA
"Atlantic City","tt0080388",1980,"104 min",NA,NA,"No",NA,NA
"Au Revoir les Enfants","tt0092593",1987,"104 min",NA,NA,"No",NA,NA
"L'Avventura","tt0053619",1960,"144 min",NA,NA,"No",NA,NA
"The Awful Truth","tt0028597",1937,"90 min",NA,NA,"No",NA,NA
"Babette's Feast","tt0092603",1987,"103 min",NA,NA,"No",NA,NA
"Baby Doll","tt0048973",1956,"114 min",NA,NA,"No",NA,NA
"Back to the Future","tt0088763",1985,"116 min","8","Rated on 09 Jul 2021","Yes",NA,NA
"The Bad and the Beautiful","tt0044391",1952,"118 min",NA,NA,"No",NA,NA
"Bad Day at Black Rock","tt0047849",1955,"81 min",NA,NA,"No",NA,NA
"Badlands","tt0069762",1973,"94 min",NA,NA,"No",NA,NA
"The Baker's Wife","tt0030127",1938,"133 min",NA,NA,"No",NA,NA
"Ball of Fire","tt0033373",1941,"111 min",NA,NA,"No",NA,NA
"The Ballad of Cable Hogue","tt0065446",1970,"121 min",NA,NA,"No",NA,NA
"Bambi","tt0034492",1942,"70 min","6","Rated on 09 Jul 2021","Yes",NA,NA
"The Band Wagon","tt0045537",1953,"112 min",NA,NA,"No",NA,NA
"Bang the Drum Slowly","tt0069765",1973,"96 min",NA,NA,"No",NA,NA
"The Bank Dick","tt0032234",1940,"72 min",NA,NA,"No",NA,NA
"Barfly","tt0092618",1987,"100 min",NA,NA,"No",NA,NA
"Barry Lyndon","tt0072684",1975,"185 min","7","Rated on 09 Jul 2021","Yes",NA,NA
"Barton Fink","tt0101410",1991,"116 min",NA,NA,"No",NA,NA
"The Battle of Algiers","tt0058946",1966,"121 min",NA,NA,"No",NA,NA
"A Good Marriage","tt0082053",1982,"93 min",NA,NA,"No",NA,NA
"Beautiful People","tt0159272",1999,"107 min",NA,NA,"No",NA,NA
"Beauty and the Beast","tt0038348",1946,"93 min",NA,NA,"No",NA,NA
"Beauty and the Beast","tt0101414",1991,"84 min","8","Rated on 09 Jul 2021","Yes",NA,NA
"Bed & Board","tt0065651",1970,"97 min",NA,NA,"No",NA,NA
"Beetlejuice","tt0094721",1988,"92 min","7","Rated on 09 Jul 2021","Yes",NA,NA
"Before Night Falls","tt0247196",2000,"133 min",NA,NA,"No",NA,NA
"Before the Rain","tt0110882",1994,"113 min",NA,NA,"No",NA,NA
"Being John Malkovich","tt0120601",1999,"113 min","7","Rated on 09 Jul 2021","Yes",NA,NA
"Being There","tt0078841",1979,"130 min",NA,NA,"No",NA,NA
"Belle de Jour","tt0061395",1967,"100 min",NA,NA,"No",NA,NA
"Ben-Hur","tt0052618",1959,"212 min","8","Rated on 09 Jul 2021","Yes",NA,NA
"Berlin Alexanderplatz","tt0080196",1980,"931 min",NA,NA,"No",NA,NA
"The Best Years of Our Lives","tt0036868",1946,"170 min",NA,NA,"No","Prime","Feature Film"
"Beverly Hills Cop","tt0086960",1984,"105 min","6","Rated on 14 Oct 2021","Yes",NA,NA
"Bicycle Thieves","tt0040522",1948,"89 min",NA,NA,"No",NA,NA
"The Big Chill","tt0085244",1983,"105 min","6","Rated on 09 Jul 2021","Yes",NA,NA
"The Big Clock","tt0040160",1948,"95 min",NA,NA,"No",NA,NA
"Big Deal on Madonna Street","tt0052216",1958,"106 min",NA,NA,"No",NA,NA
"The Big Heat","tt0045555",1953,"89 min",NA,NA,"No",NA,NA
"Big Night","tt0115678",1996,"109 min",NA,NA,"No",NA,NA
"The Big Red One","tt0080437",1980,"113 min",NA,NA,"No",NA,NA
"The Big Sky","tt0044419",1952,"140 min",NA,NA,"No",NA,NA
"The Big Sleep","tt0038355",1946,"114 min","7","Rated on 09 Jul 2021","Yes",NA,NA
"Billy Liar","tt0056868",1963,"98 min",NA,NA,"No",NA,NA
"Biloxi Blues","tt0094746",1988,"106 min",NA,NA,"No",NA,NA
"The Birds","tt0056869",1963,"119 min","8","Rated on 09 Jul 2021","Yes",NA,NA
"Birdy","tt0086969",1984,"120 min",NA,NA,"No","Prime","Feature Film"
"Black Narcissus","tt0039192",1947,"101 min",NA,NA,"No",NA,NA
"Black Orpheus","tt0053146",1959,"100 min",NA,NA,"No",NA,NA
"Black Robe","tt0101465",1991,"101 min",NA,NA,"No","Prime","Feature Film"
"Blazing Saddles","tt0071230",1974,"93 min",NA,NA,"No",NA,NA
"Bloody Sunday","tt0280491",2002,"107 min",NA,NA,"No",NA,NA
"Blow-Up","tt0060176",1966,"111 min",NA,NA,"No",NA,NA
"Blue Collar","tt0077248",1978,"114 min",NA,NA,"No",NA,NA
"Blue Velvet","tt0090756",1986,"120 min",NA,NA,"No",NA,NA
"Bob & Carol & Ted & Alice","tt0064100",1969,"105 min",NA,NA,"No",NA,NA
"Bob le Flambeur","tt0047892",1956,"98 min",NA,NA,"No",NA,NA
"Body Heat","tt0082089",1981,"113 min",NA,NA,"No",NA,NA
"Bonnie and Clyde","tt0061418",1967,"111 min","8","Rated on 17 Sep 2021","Yes",NA,NA
"Boogie Nights","tt0118749",1997,"155 min","8","Rated on 29 Dec 2021","Yes",NA,NA
"Born on the Fourth of July","tt0096969",1989,"145 min",NA,NA,"No",NA,NA
"Born Yesterday","tt0042276",1950,"103 min",NA,NA,"No",NA,NA
"Le Boucher","tt0064106",1970,"93 min",NA,NA,"No",NA,NA
"Bound for Glory","tt0074235",1976,"147 min",NA,NA,"No",NA,NA
"Boys Don't Cry","tt0171804",1999,"118 min","8","Rated on 15 Jul 2021","Yes",NA,NA
"Boyz n the Hood","tt0101507",1991,"112 min",NA,NA,"No",NA,NA
"Brazil","tt0088846",1985,"132 min","8","Rated on 09 Jul 2021","Yes",NA,NA
"Bread, Love and Dreams","tt0046159",1953,"90 min",NA,NA,"No",NA,NA
"Breaker Morant","tt0080310",1980,"107 min",NA,NA,"No",NA,NA
"The Breakfast Club","tt0088847",1985,"97 min","8","Rated on 09 Jul 2021","Yes",NA,NA
"Breaking Away","tt0078902",1979,"101 min",NA,NA,"No",NA,NA
"Breaking the Waves","tt0115751",1996,"159 min",NA,NA,"No",NA,NA
"Breathless","tt0053472",1960,"90 min","8","Rated on 01 Oct 2021","Yes",NA,NA
"The Bride Wore Black","tt0061955",1968,"107 min",NA,NA,"No",NA,NA
"The Bridge on the River Kwai","tt0050212",1957,"161 min","7","Rated on 16 Sep 2021","Yes",NA,NA
"Brief Encounter","tt0037558",1945,"86 min",NA,NA,"No",NA,NA
"A Brief History of Time","tt0103882",1991,"80 min",NA,NA,"No",NA,NA
"Bringing Up Baby","tt0029947",1938,"102 min","8","Rated on 09 Jul 2021","Yes",NA,NA
"Broadcast News","tt0092699",1987,"133 min",NA,NA,"No",NA,NA
"Brother's Keeper","tt0103888",1992,"104 min",NA,NA,"No",NA,NA
"The Buddy Holly Story","tt0077280",1978,"114 min",NA,NA,"No",NA,NA
"Bull Durham","tt0094812",1988,"108 min","6","Rated on 09 Jul 2021","Yes",NA,NA
"Bullitt","tt0062765",1968,"114 min",NA,NA,"No",NA,NA
"Bus Stop","tt0049038",1956,"96 min","6","Rated on 09 Jul 2021","Yes",NA,NA
"Butch Cassidy and the Sundance Kid","tt0064115",1969,"110 min","8","Rated on 09 Jul 2021","Yes",NA,NA
"The Butcher Boy","tt0118804",1997,"110 min",NA,NA,"No",NA,NA
"Bye Bye Brazil","tt0080482",1980,"110 min",NA,NA,"No",NA,NA
"The Earrings of Madame De...","tt0046022",1953,"105 min",NA,NA,"No",NA,NA
"Cabaret","tt0068327",1972,"124 min","9","Rated on 09 Jul 2021","Yes",NA,NA
"The Caine Mutiny","tt0046816",1954,"124 min",NA,NA,"No",NA,NA
"California Suite","tt0077289",1978,"103 min",NA,NA,"No",NA,NA
"Calle 54","tt0260775",2000,"105 min",NA,NA,"No",NA,NA
"Camelot","tt0061439",1967,"179 min",NA,NA,"No",NA,NA
"Camille","tt0028683",1936,"109 min",NA,NA,"No",NA,NA
"Captains Courageous","tt0028691",1937,"117 min",NA,NA,"No",NA,NA
"Carmen Jones","tt0046828",1954,"105 min",NA,NA,"No",NA,NA
"Carnal Knowledge","tt0066892",1971,"98 min",NA,NA,"No",NA,NA
"Casablanca","tt0034583",1942,"102 min","9","Rated on 09 Jul 2021","Yes",NA,NA
"Cat on a Hot Tin Roof","tt0051459",1958,"108 min","9","Rated on 09 Jul 2021","Yes",NA,NA
"Catch-22","tt0065528",1970,"122 min",NA,NA,"No",NA,NA
"Cavalcade","tt0023876",1933,"112 min",NA,NA,"No",NA,NA
"The Celebration","tt0154420",1998,"105 min",NA,NA,"No",NA,NA
"La Cérémonie","tt0112769",1995,"112 min",NA,NA,"No",NA,NA
"Chan Is Missing","tt0083728",1982,"80 min",NA,NA,"No",NA,NA
"Chariots of Fire","tt0082158",1981,"125 min","7","Rated on 14 Oct 2021","Yes",NA,NA
"Charley Varrick","tt0069865",1973,"111 min",NA,NA,"No",NA,NA
"Chicago","tt0299658",2002,"113 min","7","Rated on 09 Jul 2021","Yes",NA,NA
"Chicken Run","tt0120630",2000,"84 min","7","Rated on 09 Jul 2021","Yes",NA,NA
"La Chienne","tt0021739",1931,"95 min",NA,NA,"No",NA,NA
"Chinatown","tt0071315",1974,"130 min","8","Rated on 13 Jan 2022","Yes",NA,NA
"Love in the Afternoon","tt0068205",1972,"97 min",NA,NA,"No",NA,NA
"Chocolat","tt0241303",2000,"121 min","7","Rated on 09 Jul 2021","Yes",NA,NA
"The Cider House Rules","tt0124315",1999,"126 min","6","Rated on 09 Jul 2021","Yes",NA,NA
"The Citadel","tt0029995",1938,"110 min",NA,NA,"No",NA,NA
"Citizen Kane","tt0033467",1941,"119 min","8","Rated on 09 Jul 2021","Yes",NA,NA
"Claire's Knee","tt0065772",1970,"105 min",NA,NA,"No",NA,NA
"The Clockmaker of St. Paul","tt0071622",1974,"105 min",NA,NA,"No",NA,NA
"A Clockwork Orange","tt0066921",1971,"136 min","10","Rated on 09 Jul 2021","Yes",NA,NA
"Close Encounters of the Third Kind","tt0075860",1977,"138 min","8","Rated on 14 Aug 2021","Yes",NA,NA
"Close-Up","tt0100234",1990,"98 min",NA,NA,"No",NA,NA
"Clueless","tt0112697",1995,"97 min","8","Rated on 21 Sep 2021","Yes",NA,NA
"Coal Miner's Daughter","tt0080549",1980,"124 min",NA,NA,"No",NA,NA
"The Color of Money","tt0090863",1986,"119 min","7","Rated on 09 Jul 2021","Yes",NA,NA
"Come Back, Little Sheba","tt0044509",1952,"99 min",NA,NA,"No",NA,NA
"Coming Home","tt0077362",1978,"127 min",NA,NA,"No",NA,NA
"The Conformist","tt0065571",1970,"113 min",NA,NA,"No",NA,NA
"The Conquest of Everest","tt0045646",1953,"78 min",NA,NA,"No","Prime","Documentary"
"Contempt","tt0057345",1963,"102 min",NA,NA,"No",NA,NA
"The Conversation","tt0071360",1974,"113 min",NA,NA,"No",NA,NA
"Cool Hand Luke","tt0061512",1967,"127 min","7","Rated on 09 Jul 2021","Yes",NA,NA
"The Count of Monte Cristo","tt0025004",1934,"113 min",NA,NA,"No","Prime","Feature Film"
"The Country Girl","tt0046874",1954,"104 min",NA,NA,"No",NA,NA
"The Cousins","tt0052708",1959,"112 min",NA,NA,"No",NA,NA
"The Cranes Are Flying","tt0050634",1957,"95 min",NA,NA,"No",NA,NA
"Cries & Whispers","tt0069467",1972,"91 min",NA,NA,"No",NA,NA
"Crossfire","tt0039286",1947,"86 min",NA,NA,"No",NA,NA
"Crumb","tt0109508",1994,"119 min",NA,NA,"No",NA,NA
"Cry, the Beloved Country","tt0043436",1951,"103 min",NA,NA,"No",NA,NA
"The Crying Game","tt0104036",1992,"112 min",NA,NA,"No",NA,NA
"Damn Yankees","tt0051516",1958,"111 min",NA,NA,"No",NA,NA
"The Damned","tt0064118",1969,"156 min",NA,NA,"No",NA,NA
"Dance with a Stranger","tt0088987",1985,"96 min",NA,NA,"No",NA,NA
"Dangerous Liaisons","tt0094947",1988,"119 min","7","Rated on 09 Jul 2021","Yes",NA,NA
"Daniel","tt0085398",1983,"130 min",NA,NA,"No",NA,NA
"Danton","tt0083789",1983,"136 min",NA,NA,"No",NA,NA
"Oci ciornie","tt0093664",1987,"118 min",NA,NA,"No",NA,NA
"Dark Victory","tt0031210",1939,"104 min","8","Rated on 09 Jul 2021","Yes",NA,NA
"Darling","tt0059084",1965,"128 min",NA,NA,"No",NA,NA
"David Copperfield","tt0026266",1935,"130 min",NA,NA,"No",NA,NA
"David Holzman's Diary","tt0062864",1967,"74 min",NA,NA,"No",NA,NA
"Dawn of the Dead","tt0077402",1978,"127 min",NA,NA,"No",NA,NA
"Day for Night","tt0070460",1973,"116 min",NA,NA,"No",NA,NA
"The Day of the Jackal","tt0069947",1973,"143 min",NA,NA,"No",NA,NA
"The Day the Earth Stood Still","tt0043456",1951,"92 min","8","Rated on 09 Jul 2021","Yes",NA,NA
"Days of Heaven","tt0077405",1978,"94 min",NA,NA,"No",NA,NA
"Days of Wine and Roses","tt0055895",1962,"117 min",NA,NA,"No",NA,NA
"The Dead","tt0092843",1987,"83 min",NA,NA,"No",NA,NA
"Dead Calm","tt0097162",1989,"96 min",NA,NA,"No",NA,NA
"Dead End","tt0028773",1937,"93 min",NA,NA,"No","Prime","Feature Film"
"Dead Man Walking","tt0112818",1995,"122 min",NA,NA,"No",NA,NA
"Dead of Night","tt0037635",1945,"77 min",NA,NA,"No",NA,NA
"Dead Ringers","tt0094964",1988,"116 min",NA,NA,"No","Prime","Feature Film"
"Death in Venice","tt0067445",1971,"130 min",NA,NA,"No",NA,NA
"Death of a Salesman","tt0043458",1951,"115 min",NA,NA,"No",NA,NA
"Dekalog","tt0092337",1990,"572 min",NA,NA,"No",NA,NA
"Deep End","tt0066122",1970,"88 min",NA,NA,"No",NA,NA
"The Deer Hunter","tt0077416",1978,"183 min",NA,NA,"No",NA,NA
"The Defiant Ones","tt0051525",1958,"96 min",NA,NA,"No","Prime","Feature Film"
"Deliverance","tt0068473",1972,"109 min",NA,NA,"No",NA,NA
"Desperately Seeking Susan","tt0089017",1985,"104 min","5","Rated on 09 Jul 2021","Yes",NA,NA
"Destry Rides Again","tt0031225",1939,"95 min",NA,NA,"No",NA,NA
"Diabolique","tt0046911",1955,"117 min","8","Rated on 09 Jul 2021","Yes",NA,NA
"Dial M for Murder","tt0046912",1954,"105 min","7","Rated on 09 Jul 2021","Yes",NA,NA
"Diary of a Chambermaid","tt0058249",1964,"97 min",NA,NA,"No",NA,NA
"Diary of a Country Priest","tt0042619",1951,"95 min",NA,NA,"No",NA,NA
"Die Hard","tt0095016",1988,"132 min","7","Rated on 09 Jul 2021","Yes",NA,NA
"Diner","tt0083833",1982,"110 min",NA,NA,"No",NA,NA
"Dinner at Eight","tt0023948",1933,"111 min",NA,NA,"No",NA,NA
"The Dirty Dozen","tt0061578",1967,"150 min",NA,NA,"No",NA,NA
"Dirty Harry","tt0066999",1971,"102 min",NA,NA,"No",NA,NA
"Dirty Rotten Scoundrels","tt0095031",1988,"110 min",NA,NA,"No",NA,NA
"The Discreet Charm of the Bourgeoisie","tt0068361",1972,"102 min","8","Rated on 08 Nov 2021","Yes",NA,NA
"Disraeli","tt0019823",1929,"90 min",NA,NA,"No",NA,NA
"Distant Thunder","tt0069737",1973,"101 min",NA,NA,"No","Prime","Feature Film"
"Diva","tt0082269",1981,"117 min",NA,NA,"No",NA,NA
"Divorce Italian Style","tt0055913",1961,"105 min",NA,NA,"No",NA,NA
"Do the Right Thing","tt0097216",1989,"120 min",NA,NA,"No","Prime","Feature Film"
"Dr. Jekyll and Mr. Hyde","tt0022835",1931,"98 min","8","Rated on 09 Jul 2021","Yes",NA,NA
"Dr. Strangelove or: How I Learned to Stop Worrying and Love the Bomb","tt0057012",1964,"95 min","8","Rated on 19 Sep 2021","Yes",NA,NA
"Doctor Zhivago","tt0059113",1965,"197 min",NA,NA,"No",NA,NA
"Dodsworth","tt0027532",1936,"101 min",NA,NA,"No","Prime","Feature Film"
"La Dolce Vita","tt0053779",1960,"174 min",NA,NA,"No",NA,NA
"Donnie Brasco","tt0119008",1997,"127 min",NA,NA,"No",NA,NA
"Don't Look Back","tt0061589",1967,"96 min","8","Rated on 09 Jul 2021","Yes",NA,NA
"Double Indemnity","tt0036775",1944,"107 min",NA,NA,"No",NA,NA
"Down by Law","tt0090967",1986,"107 min",NA,NA,"No",NA,NA
"Dracula","tt0021814",1931,"75 min","8","Rated on 09 Jul 2021","Yes",NA,NA
"The Dreamlife of Angels","tt0120449",1998,"113 min",NA,NA,"No",NA,NA
"Dressed to Kill","tt0080661",1980,"104 min",NA,NA,"No",NA,NA
"The Dresser","tt0085461",1983,"118 min",NA,NA,"No",NA,NA
"Driving Miss Daisy","tt0097239",1989,"99 min","7","Rated on 09 Jul 2021","Yes",NA,NA
"Drowning by Numbers","tt0092929",1988,"118 min",NA,NA,"No",NA,NA
"Drugstore Cowboy","tt0097240",1989,"101 min",NA,NA,"No",NA,NA
"Duck Soup","tt0023969",1933,"69 min",NA,NA,"No",NA,NA
"The Duellists","tt0075968",1977,"100 min",NA,NA,"No",NA,NA
"Dumbo","tt0033563",1941,"64 min","7","Rated on 09 Jul 2021","Yes",NA,NA
"East of Eden","tt0048028",1955,"118 min","6","Rated on 09 Jul 2021","Yes",NA,NA
"Easy Living","tt0028816",1937,"88 min",NA,NA,"No",NA,NA
"Eat Drink Man Woman","tt0111797",1994,"124 min",NA,NA,"No",NA,NA
"Effi Briest","tt0071458",1974,"135 min",NA,NA,"No",NA,NA
"8½","tt0056801",1963,"138 min",NA,NA,"No",NA,NA
"Eight Men Out","tt0095082",1988,"119 min",NA,NA,"No",NA,NA
"The Elephant Man","tt0080678",1980,"124 min",NA,NA,"No",NA,NA
"Elmer Gantry","tt0053793",1960,"146 min",NA,NA,"No",NA,NA
"Empire of the Sun","tt0092965",1987,"153 min",NA,NA,"No",NA,NA
"Enemies, A Love Story","tt0097276",1989,"119 min",NA,NA,"No",NA,NA
"Children of Paradise","tt0037674",1945,"189 min",NA,NA,"No",NA,NA
"The English Patient","tt0116209",1996,"162 min","7","Rated on 09 Jul 2021","Yes",NA,NA
"The Entertainer","tt0053796",1960,"96 min",NA,NA,"No",NA,NA
"Entre Nous","tt0085370",1983,"110 min",NA,NA,"No",NA,NA
"E.T. the Extra-Terrestrial","tt0083866",1982,"115 min","8","Rated on 09 Jul 2021","Yes",NA,NA
"Europa Europa","tt0099776",1990,"112 min",NA,NA,"No",NA,NA
"Every Man for Himself","tt0079854",1980,"87 min",NA,NA,"No",NA,NA
"The Exorcist","tt0070047",1973,"122 min","9","Rated on 09 Jul 2021","Yes",NA,NA
"The Exterminating Angel","tt0056732",1962,"95 min",NA,NA,"No",NA,NA
"A Face in the Crowd","tt0050371",1957,"126 min",NA,NA,"No",NA,NA
"Face to Face","tt0074147",1976,"114 min",NA,NA,"No",NA,NA
"Faces","tt0062952",1968,"130 min",NA,NA,"No",NA,NA
"The Family Game","tt0087545",1983,"107 min",NA,NA,"No",NA,NA
"Fanny and Alexander","tt0083922",1982,"188 min",NA,NA,"No",NA,NA
"Fantasia","tt0032455",1940,"125 min","8","Rated on 09 Jul 2021","Yes",NA,NA
"Farewell My Concubine","tt0106332",1993,"171 min",NA,NA,"No",NA,NA
"Far from Heaven","tt0297884",2002,"107 min",NA,NA,"No",NA,NA
"Fargo","tt0116282",1996,"98 min","8","Rated on 11 Jul 2021","Yes","Prime","Feature Film"
"Fast, Cheap & Out of Control","tt0119107",1997,"80 min",NA,NA,"No",NA,NA
"Atanarjuat: The Fast Runner","tt0285441",2001,"172 min",NA,NA,"No",NA,NA
"Fat City","tt0068575",1972,"96 min",NA,NA,"No",NA,NA
"Fatal Attraction","tt0093010",1987,"119 min",NA,NA,"No",NA,NA
"Father of the Bride","tt0042451",1950,"92 min",NA,NA,"No",NA,NA
"Fellini Satyricon","tt0064940",1969,"129 min",NA,NA,"No",NA,NA
"La femme infidèle","tt0064323",1969,"98 min",NA,NA,"No",NA,NA
"Nikita","tt0100263",1990,"117 min","7","Rated on 15 Jul 2021","Yes",NA,NA
"The Fisher King","tt0101889",1991,"137 min","6","Rated on 20 Aug 2021","Yes",NA,NA
"Fists in the Pocket","tt0059619",1965,"105 min",NA,NA,"No",NA,NA
"Fitzcarraldo","tt0083946",1982,"158 min",NA,NA,"No","Prime","Feature Film"
"Five Easy Pieces","tt0065724",1970,"98 min",NA,NA,"No",NA,NA
"The Flamingo Kid","tt0087265",1984,"100 min",NA,NA,"No",NA,NA
"The Fly","tt0051622",1958,"94 min",NA,NA,"No",NA,NA
"Force of Evil","tt0040366",1948,"79 min","9","Rated on 16 Oct 2021","Yes",NA,NA
"For Whom the Bell Tolls","tt0035896",1943,"170 min",NA,NA,"No",NA,NA
"Forbidden Games","tt0043686",1952,"86 min",NA,NA,"No",NA,NA
"A Foreign Affair","tt0040367",1948,"116 min",NA,NA,"No",NA,NA
"The Fortune Cookie","tt0060424",1966,"125 min",NA,NA,"No",NA,NA
"The 400 Blows","tt0053198",1959,"99 min",NA,NA,"No",NA,NA
"Frankenstein","tt0021884",1931,"70 min","7","Rated on 09 Jul 2021","Yes",NA,NA
"The French Connection","tt0067116",1971,"104 min",NA,NA,"No",NA,NA
"Frenzy","tt0068611",1972,"116 min","7","Rated on 09 Jul 2021","Yes",NA,NA
"Friendly Persuasion","tt0049233",1956,"137 min",NA,NA,"No",NA,NA
"From Here to Eternity","tt0045793",1953,"118 min",NA,NA,"No",NA,NA
"The Fugitive","tt0039402",1947,"104 min",NA,NA,"No",NA,NA
"Full Metal Jacket","tt0093058",1987,"116 min","8","Rated on 09 Jul 2021","Yes",NA,NA
"The Full Monty","tt0119164",1997,"91 min",NA,NA,"No",NA,NA
"Funny Face","tt0050419",1957,"103 min","7","Rated on 09 Jul 2021","Yes",NA,NA
"Funny Girl","tt0062994",1968,"151 min","8","Rated on 09 Jul 2021","Yes","Prime","Feature Film"
"Fury","tt0027652",1936,"92 min",NA,NA,"No",NA,NA
"Gallipoli","tt0082432",1981,"110 min",NA,NA,"No",NA,NA
"Gandhi","tt0083987",1982,"191 min","6","Rated on 16 Sep 2021","Yes",NA,NA
"Gangs of New York","tt0217505",2002,"167 min","6","Rated on 09 Jul 2021","Yes",NA,NA
"The Garden of the Finzi-Continis","tt0065777",1970,"94 min",NA,NA,"No",NA,NA
"Gas Food Lodging","tt0104321",1992,"101 min",NA,NA,"No","Prime","Feature Film"
"Gaslight","tt0036855",1944,"114 min",NA,NA,"No",NA,NA
"Gate of Hell","tt0045935",1953,"89 min",NA,NA,"No",NA,NA
"A Geisha","tt0045814",1953,"85 min",NA,NA,"No",NA,NA
"The General","tt0120706",1998,"124 min",NA,NA,"No",NA,NA
"Il Generale Della Rovere","tt0053856",1959,"129 min",NA,NA,"No",NA,NA
"Genevieve","tt0045808",1953,"86 min",NA,NA,"No","Prime","Feature Film"
"Gentlemen Prefer Blondes","tt0045810",1953,"91 min","6","Rated on 09 Jul 2021","Yes",NA,NA
"Georgy Girl","tt0060453",1966,"99 min",NA,NA,"No",NA,NA
"Get Carter","tt0067128",1971,"112 min",NA,NA,"No",NA,NA
"Get Out Your Handkerchiefs","tt0078122",1978,"108 min",NA,NA,"No",NA,NA
"Ghost World","tt0162346",2001,"111 min","7","Rated on 09 Jul 2021","Yes",NA,NA
"Giant","tt0049261",1956,"201 min","7","Rated on 09 Jul 2021","Yes",NA,NA
"Gigi","tt0051658",1958,"115 min","6","Rated on 20 Sep 2021","Yes",NA,NA
"Gimme Shelter","tt0065780",1970,"91 min","9","Rated on 20 Nov 2021","Yes",NA,NA
"The Girl Can't Help It","tt0049263",1956,"99 min",NA,NA,"No",NA,NA
"Girl with a Suitcase","tt0054225",1961,"96 min",NA,NA,"No",NA,NA
"The Gleaners & I","tt0247380",2000,"82 min",NA,NA,"No",NA,NA
"The Goalie's Anxiety at the Penalty Kick","tt0066773",1972,"101 min",NA,NA,"No",NA,NA
"The Go-Between","tt0067144",1971,"116 min",NA,NA,"No",NA,NA
"The Godfather","tt0068646",1972,"175 min","8","Rated on 09 Jul 2021","Yes",NA,NA
"The Godfather: Part II","tt0071562",1974,"202 min","9","Rated on 09 Jul 2021","Yes",NA,NA
"Going My Way","tt0036872",1944,"126 min",NA,NA,"No",NA,NA
"Goldfinger","tt0058150",1964,"110 min","6","Rated on 09 Jul 2021","Yes",NA,NA
"Gone with the Wind","tt0031381",1939,"238 min","7","Rated on 16 Jan 2022","Yes",NA,NA
"The Good, the Bad and the Ugly","tt0060196",1966,"178 min",NA,NA,"No",NA,NA
"The Good Earth","tt0028944",1937,"138 min",NA,NA,"No",NA,NA
"Goodbye, Mr. Chips","tt0031385",1939,"114 min",NA,NA,"No",NA,NA
"Goodfellas","tt0099685",1990,"146 min","9","Rated on 07 Aug 2021","Yes",NA,NA
"Gosford Park","tt0280707",2001,"137 min","6","Rated on 09 Jul 2021","Yes",NA,NA
"The Graduate","tt0061722",1967,"106 min","8","Rated on 09 Jul 2021","Yes",NA,NA
"Grand Hotel","tt0022958",1932,"112 min",NA,NA,"No",NA,NA
"La Grande Illusion","tt0028950",1937,"113 min",NA,NA,"No",NA,NA
"The Grapes of Wrath","tt0032551",1940,"129 min",NA,NA,"No",NA,NA
"The Great Dictator","tt0032553",1940,"125 min",NA,NA,"No",NA,NA
"Great Expectations","tt0038574",1946,"118 min",NA,NA,"No",NA,NA
"The Great Man","tt0049280",1956,"92 min",NA,NA,"No",NA,NA
"The Great McGinty","tt0032554",1940,"82 min",NA,NA,"No",NA,NA
"The Greatest Show on Earth","tt0044672",1952,"152 min",NA,NA,"No",NA,NA
"Green for Danger","tt0038577",1946,"91 min",NA,NA,"No",NA,NA
"Gregory's Girl","tt0082477",1980,"91 min",NA,NA,"No","Prime","Feature Film"
"The Grifters","tt0099703",1990,"110 min","6","Rated on 09 Jul 2021","Yes",NA,NA
"Groundhog Day","tt0107048",1993,"101 min","7","Rated on 15 Jul 2021","Yes",NA,NA
"The Gunfighter","tt0042531",1950,"85 min",NA,NA,"No",NA,NA
"Gunga Din","tt0031398",1939,"117 min",NA,NA,"No",NA,NA
"Hail the Conquering Hero","tt0036891",1944,"101 min",NA,NA,"No",NA,NA
"Hair","tt0079261",1979,"121 min",NA,NA,"No",NA,NA
"Hamlet","tt0040416",1948,"154 min",NA,NA,"No",NA,NA
"Hamlet","tt0171359",2000,"112 min","6","Rated on 09 Jul 2021","Yes",NA,NA
"Citizens Band","tt0076123",1977,"98 min",NA,NA,"No",NA,NA
"Hannah and Her Sisters","tt0091167",1986,"107 min",NA,NA,"No",NA,NA
"Happiness","tt0147612",1998,"134 min",NA,NA,"No",NA,NA
"A Hard Day's Night","tt0058182",1964,"87 min","8","Rated on 09 Jul 2021","Yes",NA,NA
"Harlan County U.S.A.","tt0074605",1976,"103 min",NA,NA,"No",NA,NA
"Harry and Tonto","tt0071598",1974,"115 min",NA,NA,"No",NA,NA
"A Hatful of Rain","tt0050487",1957,"109 min",NA,NA,"No",NA,NA
"The Heartbreak Kid","tt0068687",1972,"106 min",NA,NA,"No",NA,NA
"Heartland","tt0082508",1979,"96 min",NA,NA,"No",NA,NA
"Hearts of Darkness: A Filmmaker's Apocalypse","tt0102015",1991,"96 min",NA,NA,"No",NA,NA
"Heat and Dust","tt0084058",1983,"130 min",NA,NA,"No",NA,NA
"Heathers","tt0097493",1988,"103 min","6","Rated on 20 Aug 2021","Yes","Prime","Feature Film"
"Heavy Traffic","tt0070165",1973,"77 min",NA,NA,"No",NA,NA
"Heimat: A Chronicle of Germany","tt0087400",1984,"924 min",NA,NA,"No",NA,NA
"The Heiress","tt0041452",1949,"115 min",NA,NA,"No",NA,NA
"Henry V","tt0097499",1989,"137 min",NA,NA,"No",NA,NA
"Henry V","tt0036910",1944,"137 min",NA,NA,"No",NA,NA
"Henry Fool","tt0122529",1997,"137 min",NA,NA,"No",NA,NA
"Here Comes Mr. Jordan","tt0033712",1941,"94 min",NA,NA,"No",NA,NA
"High and Low","tt0057565",1963,"143 min",NA,NA,"No",NA,NA
"The High and the Mighty","tt0047086",1954,"147 min",NA,NA,"No",NA,NA
"High Art","tt0139362",1998,"101 min",NA,NA,"No",NA,NA
"High Hopes","tt0095302",1988,"108 min",NA,NA,"No",NA,NA
"High Noon","tt0044706",1952,"85 min",NA,NA,"No",NA,NA
"High Sierra","tt0033717",1941,"100 min",NA,NA,"No",NA,NA
"The Hill","tt0059274",1965,"123 min",NA,NA,"No",NA,NA
"Hiroshima Mon Amour","tt0052893",1959,"90 min",NA,NA,"No",NA,NA
"His Girl Friday","tt0032599",1940,"92 min","7","Rated on 09 Jul 2021","Yes","Prime","Feature Film"
"The Homecoming","tt0070188",1973,"111 min",NA,NA,"No",NA,NA
"Hoop Dreams","tt0110057",1994,"170 min",NA,NA,"No",NA,NA
"Hope and Glory","tt0093209",1987,"113 min",NA,NA,"No",NA,NA
"Hôtel Terminus","tt0095341",1988,"267 min",NA,NA,"No",NA,NA
"The Hours","tt0274558",2002,"110 min","6","Rated on 09 Jul 2021","Yes",NA,NA
"Household Saints","tt0107152",1993,"124 min",NA,NA,"No",NA,NA
"House of Games","tt0093223",1987,"102 min",NA,NA,"No","Prime","Feature Film"
"How Green Was My Valley","tt0033729",1941,"118 min",NA,NA,"No",NA,NA
"How to Marry a Millionaire","tt0045891",1953,"95 min",NA,NA,"No",NA,NA
"Howards End","tt0104454",1992,"142 min",NA,NA,"No",NA,NA
"Hud","tt0057163",1963,"112 min","8","Rated on 14 Jul 2021","Yes",NA,NA
"Huey Long","tt0089310",1985,"88 min",NA,NA,"No",NA,NA
"Husbands and Wives","tt0104466",1992,"108 min",NA,NA,"No",NA,NA
"The Hustler","tt0054997",1961,"134 min","6","Rated on 19 Sep 2021","Yes",NA,NA
"I Know Where I'm Going!","tt0037800",1945,"92 min",NA,NA,"No",NA,NA
"I Remember Mama","tt0040458",1948,"134 min",NA,NA,"No",NA,NA
"I Want to Live!","tt0051758",1958,"120 min",NA,NA,"No",NA,NA
"If....","tt0063850",1968,"111 min",NA,NA,"No",NA,NA
"Ikiru","tt0044741",1952,"143 min",NA,NA,"No",NA,NA
"I'm All Right Jack","tt0052911",1959,"105 min",NA,NA,"No",NA,NA
"Imitation of Life","tt0052918",1959,"125 min",NA,NA,"No",NA,NA
"In Cold Blood","tt0061809",1967,"134 min",NA,NA,"No",NA,NA
"In the Bedroom","tt0247425",2001,"131 min","8","Rated on 09 Jul 2021","Yes",NA,NA
"In the Heat of the Night","tt0061811",1967,"110 min",NA,NA,"No",NA,NA
"The Informer","tt0026529",1935,"91 min",NA,NA,"No",NA,NA
"Inherit the Wind","tt0053946",1960,"128 min","8","Rated on 17 Oct 2021","Yes","Prime","Feature Film"
"The Insider","tt0140352",1999,"157 min",NA,NA,"No",NA,NA
"Internal Affairs","tt0099850",1990,"115 min",NA,NA,"No",NA,NA
"The Ipcress File","tt0059319",1965,"109 min",NA,NA,"No",NA,NA
"It Happened One Night","tt0025316",1934,"105 min",NA,NA,"No",NA,NA
"It's a Gift","tt0025318",1934,"68 min",NA,NA,"No",NA,NA
"It's a Wonderful Life","tt0038650",1946,"130 min","8","Rated on 09 Jul 2021","Yes","Prime","Feature Film"
"Jailhouse Rock","tt0050556",1957,"96 min",NA,NA,"No",NA,NA
"Jaws","tt0073195",1975,"124 min","9","Rated on 09 Jul 2021","Yes",NA,NA
"The Jazz Singer","tt0018037",1927,"88 min",NA,NA,"No",NA,NA
"Jean de Florette","tt0091288",1986,"120 min",NA,NA,"No",NA,NA
"Jerry Maguire","tt0116695",1996,"139 min","7","Rated on 09 Jul 2021","Yes",NA,NA
"Johnny Guitar","tt0047136",1954,"110 min",NA,NA,"No",NA,NA
"The Judge and the Assassin","tt0073219",1976,"128 min",NA,NA,"No",NA,NA
"Judgment at Nuremberg","tt0055031",1961,"179 min",NA,NA,"No",NA,NA
"Ju Dou","tt0099902",1990,"95 min",NA,NA,"No",NA,NA
"Jules and Jim","tt0055032",1962,"105 min",NA,NA,"No",NA,NA
"Juliet of the Spirits","tt0059229",1965,"137 min",NA,NA,"No",NA,NA
"Junior Bonner","tt0068786",1972,"100 min",NA,NA,"No",NA,NA
"Kagemusha","tt0080979",1980,"162 min",NA,NA,"No",NA,NA
"The Killers","tt0038669",1946,"103 min","7","Rated on 22 Oct 2021","Yes",NA,NA
"The Killing Fields","tt0087553",1984,"141 min",NA,NA,"No",NA,NA
"Kind Hearts and Coronets","tt0041546",1949,"106 min",NA,NA,"No",NA,NA
"The King and I","tt0049408",1956,"133 min",NA,NA,"No",NA,NA
"King Kong","tt0024216",1933,"100 min","8","Rated on 09 Jul 2021","Yes",NA,NA
"King Lear","tt0067306",1970,"137 min",NA,NA,"No",NA,NA
"The King of Comedy","tt0085794",1982,"109 min",NA,NA,"No",NA,NA
"The King of Marvin Gardens","tt0068805",1972,"103 min",NA,NA,"No","Prime","Feature Film"
"Kiss of the Spider Woman","tt0089424",1985,"120 min",NA,NA,"No",NA,NA
"Klute","tt0067309",1971,"114 min",NA,NA,"No",NA,NA
"Knife in the Water","tt0056291",1962,"94 min",NA,NA,"No",NA,NA
"Kramer vs. Kramer","tt0079417",1979,"105 min",NA,NA,"No",NA,NA
"L.A. Confidential","tt0119488",1997,"138 min",NA,NA,"No",NA,NA
"Lacombe, Lucien","tt0071733",1974,"138 min",NA,NA,"No",NA,NA
"The Lady Eve","tt0033804",1941,"94 min","6","Rated on 09 Jul 2021","Yes",NA,NA
"The Lady Vanishes","tt0030341",1938,"96 min",NA,NA,"No","Prime","Feature Film"
"Ladybird Ladybird","tt0110296",1994,"101 min",NA,NA,"No",NA,NA
"Lamerica","tt0110299",1994,"116 min",NA,NA,"No",NA,NA
"The Last American Hero","tt0070287",1973,"95 min",NA,NA,"No",NA,NA
"The Last Emperor","tt0093389",1987,"163 min",NA,NA,"No",NA,NA
"The Last Metro","tt0080610",1980,"131 min",NA,NA,"No",NA,NA
"The Last Picture Show","tt0067328",1971,"118 min",NA,NA,"No",NA,NA
"The Last Seduction","tt0110308",1994,"110 min",NA,NA,"No",NA,NA
"Last Tango in Paris","tt0070849",1972,"129 min",NA,NA,"No",NA,NA
"The Last Temptation of Christ","tt0095497",1988,"164 min",NA,NA,"No",NA,NA
"The Last Waltz","tt0077838",1978,"117 min",NA,NA,"No",NA,NA
"Laura","tt0037008",1944,"88 min","8","Rated on 09 Jul 2021","Yes",NA,NA
"The Lavender Hill Mob","tt0044829",1951,"78 min",NA,NA,"No",NA,NA
"Lawrence of Arabia","tt0056172",1962,"228 min","9","Rated on 09 Jul 2021","Yes",NA,NA
"A League of Their Own","tt0104694",1992,"128 min","7","Rated on 09 Jul 2021","Yes",NA,NA
"Leaving Las Vegas","tt0113627",1995,"111 min",NA,NA,"No",NA,NA
"The Leopard","tt0057091",1963,"186 min",NA,NA,"No",NA,NA
"The Letter","tt0032701",1940,"95 min",NA,NA,"No",NA,NA
"A Letter to Three Wives","tt0041587",1949,"103 min",NA,NA,"No",NA,NA
"Les liaisons dangereuses","tt0053002",1959,"106 min",NA,NA,"No",NA,NA
"The Life and Death of Colonel Blimp","tt0036112",1943,"163 min",NA,NA,"No",NA,NA
"Life Is Sweet","tt0100024",1990,"103 min",NA,NA,"No",NA,NA
"The Life of Emile Zola","tt0029146",1937,"116 min",NA,NA,"No",NA,NA
"Life with Father","tt0039566",1947,"118 min",NA,NA,"No","Prime","Feature Film"
"Like Water for Chocolate","tt0103994",1992,"105 min",NA,NA,"No",NA,NA
"Lili","tt0046000",1953,"81 min",NA,NA,"No",NA,NA
"Little Big Man","tt0065988",1970,"139 min",NA,NA,"No","Prime","Feature Film"
"Little Caesar","tt0021079",1931,"79 min",NA,NA,"No",NA,NA
"The Little Foxes","tt0033836",1941,"116 min",NA,NA,"No","Prime","Feature Film"
"Little Fugitive","tt0046004",1953,"75 min",NA,NA,"No",NA,NA
"The Little Kidnappers","tt0046006",1953,"93 min",NA,NA,"No",NA,NA
"Little Vera","tt0095574",1988,"110 min",NA,NA,"No",NA,NA
"Little Women","tt0024264",1933,"115 min",NA,NA,"No",NA,NA
"Little Women","tt0110367",1994,"115 min","6","Rated on 15 Jul 2021","Yes","Prime","Feature Film"
"The Lives of a Bengal Lancer","tt0026643",1935,"109 min",NA,NA,"No",NA,NA
"Living in Oblivion","tt0113677",1995,"90 min",NA,NA,"No",NA,NA
"Local Hero","tt0085859",1983,"111 min",NA,NA,"No",NA,NA
"Lola","tt0082671",1981,"115 min",NA,NA,"No",NA,NA
"Lola Montès","tt0048308",1955,"116 min",NA,NA,"No",NA,NA
"Lolita","tt0056193",1962,"153 min","8","Rated on 09 Jul 2021","Yes",NA,NA
"Lone Star","tt0116905",1996,"135 min",NA,NA,"No",NA,NA
"The Loneliness of the Long Distance Runner","tt0056194",1962,"104 min","6","Rated on 20 Sep 2021","Yes","Prime","Feature Film"
"Long Day's Journey Into Night","tt0056196",1962,"174 min",NA,NA,"No",NA,NA
"The Long Goodbye","tt0070334",1973,"112 min",NA,NA,"No",NA,NA
"The Long Good Friday","tt0081070",1980,"114 min",NA,NA,"No",NA,NA
"The Long Voyage Home","tt0032728",1940,"105 min",NA,NA,"No",NA,NA
"The Longest Day","tt0056197",1962,"178 min",NA,NA,"No",NA,NA
"Look Back in Anger","tt0051879",1959,"98 min",NA,NA,"No",NA,NA
"Lost Horizon","tt0029162",1937,"132 min",NA,NA,"No",NA,NA
"Lost in America","tt0089504",1985,"91 min",NA,NA,"No",NA,NA
"The Lost Weekend","tt0037884",1945,"101 min",NA,NA,"No",NA,NA
"Love","tt0067814",1971,"88 min",NA,NA,"No",NA,NA
"Love Affair","tt0031593",1939,"88 min","7","Rated on 09 Jul 2021","Yes",NA,NA
"Love and Death","tt0073312",1975,"85 min",NA,NA,"No",NA,NA
"A Love in Germany","tt0085843",1983,"110 min",NA,NA,"No",NA,NA
"Love in the Afternoon","tt0050658",1957,"130 min",NA,NA,"No",NA,NA
"Lovely & Amazing","tt0258273",2001,"91 min",NA,NA,"No",NA,NA
"Love on the Run","tt0078771",1979,"94 min",NA,NA,"No",NA,NA
"Lover Come Back","tt0055100",1961,"107 min",NA,NA,"No",NA,NA
"The Lovers","tt0052556",1958,"90 min",NA,NA,"No",NA,NA
"A Blonde in Love","tt0059415",1965,"88 min",NA,NA,"No",NA,NA
"Loving","tt0066017",1970,"89 min",NA,NA,"No",NA,NA
"Lust for Life","tt0049456",1956,"122 min",NA,NA,"No",NA,NA
"M","tt0022100",1931,"99 min","9","Rated on 09 Jul 2021","Yes",NA,NA
"Mad Max","tt0079501",1979,"88 min","7","Rated on 09 Jul 2021","Yes",NA,NA
"The Madness of King George","tt0110428",1994,"110 min",NA,NA,"No",NA,NA
"The Magic Flute","tt0073822",1975,"135 min",NA,NA,"No",NA,NA
"The Major and the Minor","tt0035019",1942,"100 min",NA,NA,"No",NA,NA
"Major Barbara","tt0033868",1941,"121 min",NA,NA,"No",NA,NA
"Make Way for Tomorrow","tt0029192",1937,"91 min",NA,NA,"No",NA,NA
"Malcolm X","tt0104797",1992,"202 min",NA,NA,"No",NA,NA
"The Maltese Falcon","tt0033870",1941,"100 min","8","Rated on 09 Jul 2021","Yes",NA,NA
"A Man for All Seasons","tt0060665",1966,"120 min","8","Rated on 14 Oct 2021","Yes",NA,NA
"Man Hunt","tt0033873",1941,"105 min",NA,NA,"No",NA,NA
"The Man Who Came to Dinner","tt0033874",1942,"112 min",NA,NA,"No",NA,NA
"The Man Who Loved Women","tt0076155",1977,"120 min",NA,NA,"No",NA,NA
"The Man Who Wasn't There","tt0243133",2001,"116 min",NA,NA,"No",NA,NA
"The Man with the Golden Arm","tt0048347",1955,"119 min",NA,NA,"No","Prime","Feature Film"
"The Manchurian Candidate","tt0056218",1962,"126 min",NA,NA,"No",NA,NA
"Manhattan","tt0079522",1979,"96 min",NA,NA,"No",NA,NA
"Manon of the Spring","tt0091480",1986,"113 min",NA,NA,"No",NA,NA
"Marriage Italian Style","tt0058335",1964,"102 min",NA,NA,"No",NA,NA
"Married to the Mob","tt0095593",1988,"104 min",NA,NA,"No",NA,NA
"The Marrying Kind","tt0044888",1952,"92 min",NA,NA,"No",NA,NA
"Marty","tt0048356",1955,"90 min",NA,NA,"No","Prime","Feature Film"
"Mary Poppins","tt0058331",1964,"139 min","9","Rated on 09 Jul 2021","Yes",NA,NA
"MASH","tt0066026",1970,"116 min",NA,NA,"No",NA,NA
"The Match Factory Girl","tt0098532",1990,"69 min",NA,NA,"No",NA,NA
"Mayerling","tt0027951",1936,"96 min",NA,NA,"No",NA,NA
"McCabe & Mrs. Miller","tt0067411",1971,"120 min",NA,NA,"No",NA,NA
"Mean Streets","tt0070379",1973,"112 min",NA,NA,"No",NA,NA
"Meet Me in St. Louis","tt0037059",1944,"113 min","9","Rated on 09 Jul 2021","Yes",NA,NA
"Melvin and Howard","tt0081150",1980,"95 min",NA,NA,"No",NA,NA
"Memories of Underdevelopment","tt0063291",1968,"97 min",NA,NA,"No",NA,NA
"The Memory of Justice","tt0074891",1976,"278 min",NA,NA,"No",NA,NA
"The Men","tt0042727",1950,"85 min",NA,NA,"No",NA,NA
"Ménage","tt0092068",1986,"84 min",NA,NA,"No",NA,NA
"Metropolitan","tt0100142",1990,"98 min",NA,NA,"No",NA,NA
"Midnight","tt0031647",1939,"94 min",NA,NA,"No",NA,NA
"Midnight Cowboy","tt0064665",1969,"113 min",NA,NA,"No",NA,NA
"Minnie and Moskowitz","tt0067433",1971,"114 min",NA,NA,"No",NA,NA
"The Miracle of Morgan's Creek","tt0037077",1944,"98 min",NA,NA,"No",NA,NA
"Miracle on 34th Street","tt0039628",1947,"96 min","7","Rated on 09 Jul 2021","Yes",NA,NA
"The Miracle Worker","tt0056241",1962,"106 min",NA,NA,"No",NA,NA
"Les Misérables","tt0026725",1935,"108 min",NA,NA,"No",NA,NA
"The Misfits","tt0055184",1961,"125 min",NA,NA,"No","Prime","Feature Film"
"Missing","tt0084335",1982,"122 min",NA,NA,"No",NA,NA
"Mr. & Mrs. Bridge","tt0100200",1990,"126 min",NA,NA,"No",NA,NA
"Mr. Deeds Goes to Town","tt0027996",1936,"115 min",NA,NA,"No",NA,NA
"Monsieur Hulot's Holiday","tt0046487",1953,"83 min",NA,NA,"No",NA,NA
"Mister Roberts","tt0048380",1955,"123 min",NA,NA,"No",NA,NA
"Mr. Smith Goes to Washington","tt0031679",1939,"129 min",NA,NA,"No",NA,NA
"Mrs. Miniver","tt0035093",1942,"134 min",NA,NA,"No",NA,NA
"My American Uncle","tt0081176",1980,"125 min",NA,NA,"No",NA,NA
"Mona Lisa","tt0091538",1986,"104 min",NA,NA,"No",NA,NA
"Monsieur Verdoux","tt0039631",1947,"124 min",NA,NA,"No",NA,NA
"Monsters, Inc.","tt0198781",2001,"92 min","8","Rated on 09 Jul 2021","Yes",NA,NA
"Moonlighting","tt0084354",1982,"97 min",NA,NA,"No",NA,NA
"Moonstruck","tt0093565",1987,"102 min","8","Rated on 09 Jul 2021","Yes",NA,NA
"The More the Merrier","tt0036172",1943,"104 min",NA,NA,"No",NA,NA
"Morgan!","tt0060714",1966,"97 min",NA,NA,"No",NA,NA
"The Mortal Storm","tt0032811",1940,"100 min",NA,NA,"No",NA,NA
"Mother","tt0117091",1996,"104 min",NA,NA,"No",NA,NA
"Moulin Rouge","tt0044926",1952,"119 min",NA,NA,"No",NA,NA
"The Mouthpiece","tt0023240",1932,"86 min",NA,NA,"No",NA,NA
"Much Ado About Nothing","tt0107616",1993,"111 min",NA,NA,"No",NA,NA
"Mulholland Drive","tt0166924",2001,"147 min","7","Rated on 09 Jul 2021","Yes",NA,NA
"Murmur of the Heart","tt0067778",1971,"118 min",NA,NA,"No",NA,NA
"Mutiny on the Bounty","tt0026752",1935,"132 min",NA,NA,"No",NA,NA
"My Beautiful Laundrette","tt0091578",1985,"97 min",NA,NA,"No","Prime","Feature Film"
"My Darling Clementine","tt0038762",1946,"97 min",NA,NA,"No",NA,NA
"My Dinner with Andre","tt0082783",1981,"110 min",NA,NA,"No",NA,NA
"My Fair Lady","tt0058385",1964,"170 min","7","Rated on 10 Aug 2021","Yes",NA,NA
"My Left Foot","tt0097937",1989,"103 min",NA,NA,"No",NA,NA
"My Life as a Dog","tt0089606",1985,"101 min",NA,NA,"No",NA,NA
"My Man Godfrey","tt0028010",1936,"94 min",NA,NA,"No","Prime","Feature Film"
"My Night at Maud's","tt0064612",1969,"105 min",NA,NA,"No",NA,NA
"My Own Private Idaho","tt0102494",1991,"104 min",NA,NA,"No",NA,NA
"My Twentieth Century","tt0096863",1989,"104 min",NA,NA,"No",NA,NA
"Mon Oncle","tt0050706",1958,"116 min","7","Rated on 14 Jul 2021","Yes",NA,NA
"The Naked Gun: From the Files of Police Squad!","tt0095705",1988,"85 min",NA,NA,"No",NA,NA
"Nashville","tt0073440",1975,"160 min",NA,NA,"No",NA,NA
"National Lampoon's Animal House","tt0077975",1978,"109 min","6","Rated on 20 Sep 2021","Yes",NA,NA
"National Velvet","tt0037120",1944,"123 min",NA,NA,"No",NA,NA
"Network","tt0074958",1976,"121 min",NA,NA,"No",NA,NA
"Never on Sunday","tt0054198",1960,"97 min",NA,NA,"No",NA,NA
"Night Moves","tt0073453",1975,"100 min",NA,NA,"No",NA,NA
"The Night of the Hunter","tt0048424",1955,"92 min","9","Rated on 09 Jul 2021","Yes","Prime","Feature Film"
"Night of the Living Dead","tt0063350",1968,"96 min",NA,NA,"No","Prime","Feature Film"
"A Night to Remember","tt0051994",1958,"123 min",NA,NA,"No",NA,NA
"A Nightmare on Elm Street","tt0087800",1984,"91 min","8","Rated on 09 Jul 2021","Yes",NA,NA
"1900","tt0074084",1976,"317 min",NA,NA,"No",NA,NA
"Ninotchka","tt0031725",1939,"110 min",NA,NA,"No",NA,NA
"Nobody's Fool","tt0110684",1994,"110 min",NA,NA,"No",NA,NA
"Norma Rae","tt0079638",1979,"114 min",NA,NA,"No",NA,NA
"North by Northwest","tt0053125",1959,"136 min","8","Rated on 09 Jul 2021","Yes",NA,NA
"Nothing But the Best","tt0058415",1964,"99 min",NA,NA,"No",NA,NA
"Notorious","tt0038787",1946,"102 min","7","Rated on 09 Jul 2021","Yes",NA,NA
"Now, Voyager","tt0035140",1942,"117 min",NA,NA,"No",NA,NA
"That Night in Varennes","tt0084423",1982,"150 min",NA,NA,"No",NA,NA
"The Nun's Story","tt0053131",1959,"149 min",NA,NA,"No",NA,NA
"Odd Man Out","tt0039677",1947,"116 min",NA,NA,"No",NA,NA
"Of Mice and Men","tt0031742",1939,"106 min","7","Rated on 09 Jul 2021","Yes",NA,NA
"Oklahoma!","tt0048445",1955,"145 min",NA,NA,"No",NA,NA
"Oliver Twist","tt0040662",1948,"105 min",NA,NA,"No",NA,NA
"Los Olvidados","tt0042804",1950,"80 min",NA,NA,"No",NA,NA
"On the Beach","tt0053137",1959,"134 min",NA,NA,"No",NA,NA
"On the Town","tt0041716",1949,"98 min",NA,NA,"No",NA,NA
"On the Waterfront","tt0047296",1954,"108 min","8","Rated on 17 Jan 2022","Yes",NA,NA
"One False Move","tt0102592",1992,"105 min",NA,NA,"No",NA,NA
"One Flew Over the Cuckoo's Nest","tt0073486",1975,"133 min",NA,NA,"No",NA,NA
"One Foot in Heaven","tt0033980",1941,"108 min",NA,NA,"No",NA,NA
"One Hour with You","tt0023303",1932,"78 min",NA,NA,"No",NA,NA
"One Night of Love","tt0025601",1934,"84 min",NA,NA,"No",NA,NA
"One Potato, Two Potato","tt0058429",1964,"83 min",NA,NA,"No",NA,NA
"One, Two, Three","tt0055256",1961,"104 min",NA,NA,"No",NA,NA
"Only Angels Have Wings","tt0031762",1939,"121 min",NA,NA,"No",NA,NA
"Rome, Open City","tt0038890",1945,"103 min",NA,NA,"No",NA,NA
"Operation Crossbow","tt0059549",1965,"115 min",NA,NA,"No",NA,NA
"The Opposite of Sex","tt0120777",1998,"105 min",NA,NA,"No","Prime","Feature Film"
"Ordinary People","tt0081283",1980,"124 min","8","Rated on 22 Jul 2021","Yes",NA,NA
"Obsession","tt0035160",1943,"140 min",NA,NA,"No",NA,NA
"Othello","tt0045251",1951,"90 min",NA,NA,"No","Prime","Feature Film"
"Our Town","tt0032881",1940,"90 min",NA,NA,"No","Prime","Feature Film"
"Out of the Past","tt0039689",1947,"97 min",NA,NA,"No",NA,NA
"The Outlaw Josey Wales","tt0075029",1976,"135 min",NA,NA,"No",NA,NA
"The Overlanders","tt0038821",1946,"91 min",NA,NA,"No",NA,NA
"The Ox-Bow Incident","tt0036244",1942,"75 min",NA,NA,"No",NA,NA
"Paint Your Wagon","tt0064782",1969,"164 min",NA,NA,"No",NA,NA
"Paisan","tt0038823",1946,"120 min",NA,NA,"No",NA,NA
"The Palm Beach Story","tt0035169",1942,"88 min",NA,NA,"No",NA,NA
"The Parallax View","tt0071970",1974,"102 min",NA,NA,"No",NA,NA
"A Passage to India","tt0087892",1984,"164 min",NA,NA,"No",NA,NA
"The Passion of Anna","tt0064793",1969,"101 min",NA,NA,"No",NA,NA
"Pather Panchali","tt0048473",1955,"125 min",NA,NA,"No",NA,NA
"Paths of Glory","tt0050825",1957,"88 min",NA,NA,"No",NA,NA
"Patton","tt0066206",1970,"172 min",NA,NA,"No",NA,NA
"The Pawnbroker","tt0059575",1964,"116 min",NA,NA,"No",NA,NA
"Payday","tt0069067",1973,"103 min",NA,NA,"No",NA,NA
"Pelle the Conqueror","tt0093713",1987,"157 min",NA,NA,"No","Prime","Feature Film"
"The People vs. Larry Flynt","tt0117318",1996,"130 min",NA,NA,"No",NA,NA
"Persona","tt0060827",1966,"83 min",NA,NA,"No",NA,NA
"Screen Two","tt0114117",2002,"107 min",NA,NA,"No",NA,NA
"The Little Theatre of Jean Renoir","tt0067571",1970,"100 min",NA,NA,"No",NA,NA
"Petulia","tt0063426",1968,"105 min",NA,NA,"No",NA,NA
"The Philadelphia Story","tt0032904",1940,"112 min","8","Rated on 09 Jul 2021","Yes",NA,NA
"The Pianist","tt0253474",2002,"150 min","8","Rated on 09 Jul 2021","Yes",NA,NA
"The Piano","tt0107822",1993,"121 min",NA,NA,"No",NA,NA
"Pickup on South Street","tt0046187",1953,"80 min",NA,NA,"No",NA,NA
"The Pillow Book","tt0114134",1996,"126 min",NA,NA,"No",NA,NA
"Pillow Talk","tt0053172",1959,"102 min","6","Rated on 09 Jul 2021","Yes",NA,NA
"The Pink Panther","tt0057413",1963,"115 min",NA,NA,"No",NA,NA
"Pinocchio","tt0032910",1940,"88 min","7","Rated on 09 Jul 2021","Yes",NA,NA
"Pixote","tt0082912",1980,"128 min",NA,NA,"No",NA,NA
"A Place in the Sun","tt0043924",1951,"122 min",NA,NA,"No",NA,NA
"Places in the Heart","tt0087921",1984,"111 min",NA,NA,"No",NA,NA
"Platoon","tt0091763",1986,"120 min","7","Rated on 14 Oct 2021","Yes",NA,NA
"Play Misty for Me","tt0067588",1971,"102 min",NA,NA,"No",NA,NA
"The Player","tt0105151",1992,"124 min",NA,NA,"No",NA,NA
"Playtime","tt0062136",1967,"155 min",NA,NA,"No",NA,NA
"Point Blank","tt0062138",1967,"92 min",NA,NA,"No",NA,NA
"Poltergeist","tt0084516",1982,"114 min","7","Rated on 03 Sep 2021","Yes",NA,NA
"Ponette","tt0117359",1996,"97 min",NA,NA,"No",NA,NA
"The Postman","tt0110877",1994,"108 min",NA,NA,"No",NA,NA
"The Postman Always Rings Twice","tt0038854",1946,"113 min",NA,NA,"No",NA,NA
"Pretty Baby","tt0078111",1978,"110 min",NA,NA,"No",NA,NA
"Pride and Prejudice","tt0032943",1940,"118 min",NA,NA,"No",NA,NA
"The Pride of the Yankees","tt0035211",1942,"128 min",NA,NA,"No","Prime","Feature Film"
"Prince of the City","tt0082945",1981,"167 min",NA,NA,"No",NA,NA
"The Prisoner","tt0048512",1955,"91 min",NA,NA,"No",NA,NA
"The Private Life of Henry VIII","tt0024473",1933,"97 min",NA,NA,"No",NA,NA
"Prizzi's Honor","tt0089841",1985,"130 min",NA,NA,"No",NA,NA
"The Producers","tt0063462",1967,"88 min","7","Rated on 09 Jul 2021","Yes",NA,NA
"Psycho","tt0054215",1960,"109 min","8","Rated on 09 Jul 2021","Yes",NA,NA
"The Public Enemy","tt0022286",1931,"83 min",NA,NA,"No",NA,NA
"Pulp Fiction","tt0110912",1994,"154 min","8","Rated on 09 Jul 2021","Yes",NA,NA
"The Purple Rose of Cairo","tt0089853",1985,"82 min",NA,NA,"No",NA,NA
"Pygmalion","tt0030637",1938,"89 min",NA,NA,"No",NA,NA
"Quadrophenia","tt0079766",1979,"120 min",NA,NA,"No",NA,NA
"The Quiet Man","tt0045061",1952,"129 min",NA,NA,"No",NA,NA
"Raging Bull","tt0081398",1980,"129 min",NA,NA,"No",NA,NA
"Indiana Jones and the Raiders of the Lost Ark","tt0082971",1981,"115 min","9","Rated on 09 Jul 2021","Yes",NA,NA
"Rain Man","tt0095953",1988,"133 min","8","Rated on 09 Jul 2021","Yes",NA,NA
"Raise the Red Lantern","tt0101640",1991,"125 min",NA,NA,"No","Prime","Feature Film"
"Raising Arizona","tt0093822",1987,"94 min",NA,NA,"No",NA,NA
"Ran","tt0089881",1985,"162 min",NA,NA,"No",NA,NA
"The Rapture","tt0102757",1991,"100 min",NA,NA,"No",NA,NA
"Rashomon","tt0042876",1950,"88 min",NA,NA,"No",NA,NA
"Re-Animator","tt0089885",1985,"104 min",NA,NA,"No",NA,NA
"Rear Window","tt0047396",1954,"112 min","9","Rated on 09 Jul 2021","Yes",NA,NA
"Rebecca","tt0032976",1940,"130 min","9","Rated on 09 Jul 2021","Yes",NA,NA
"Rebel Without a Cause","tt0048545",1955,"111 min","8","Rated on 09 Jul 2021","Yes",NA,NA
"Three Colors: Red","tt0111495",1994,"99 min",NA,NA,"No",NA,NA
"The Red Badge of Courage","tt0043961",1951,"69 min",NA,NA,"No",NA,NA
"Red River","tt0040724",1948,"133 min",NA,NA,"No",NA,NA
"The Red Shoes","tt0040725",1948,"135 min",NA,NA,"No","Prime","Feature Film"
"Reds","tt0082979",1981,"195 min",NA,NA,"No",NA,NA
"The Remains of the Day","tt0107943",1993,"134 min",NA,NA,"No",NA,NA
"Repo Man","tt0087995",1984,"92 min","6","Rated on 12 Jan 2022","Yes",NA,NA
"Repulsion","tt0059646",1965,"105 min","9","Rated on 09 Jul 2021","Yes",NA,NA
"Reservoir Dogs","tt0105236",1992,"99 min","6","Rated on 09 Jul 2021","Yes",NA,NA
"The Return of Martin Guerre","tt0084589",1982,"112 min",NA,NA,"No",NA,NA
"Reuben, Reuben","tt0084591",1983,"101 min",NA,NA,"No",NA,NA
"Reversal of Fortune","tt0100486",1990,"111 min",NA,NA,"No",NA,NA
"Richard III","tt0049674",1955,"161 min",NA,NA,"No",NA,NA
"Ride the High Country","tt0056412",1962,"94 min",NA,NA,"No",NA,NA
"Rififi","tt0048021",1955,"118 min",NA,NA,"No",NA,NA
"The Right Stuff","tt0086197",1983,"193 min","8","Rated on 09 Jul 2021","Yes",NA,NA
"Risky Business","tt0086200",1983,"99 min","6","Rated on 09 Jul 2021","Yes",NA,NA
"River's Edge","tt0091860",1986,"99 min",NA,NA,"No",NA,NA
"The Road Warrior","tt0082694",1981,"96 min","7","Rated on 09 Jul 2021","Yes",NA,NA
"RoboCop","tt0093870",1987,"102 min","6","Rated on 09 Jul 2021","Yes",NA,NA
"Rocco and His Brothers","tt0054248",1960,"179 min",NA,NA,"No",NA,NA
"Roger & Me","tt0098213",1989,"91 min","6","Rated on 16 Sep 2021","Yes",NA,NA
"Roman Holiday","tt0046250",1953,"118 min","10","Rated on 31 Jul 2021","Yes",NA,NA
"Romeo and Juliet","tt0028203",1936,"125 min",NA,NA,"No",NA,NA
"Romeo and Juliet","tt0063518",1968,"138 min",NA,NA,"No",NA,NA
"Room at the Top","tt0053226",1959,"115 min",NA,NA,"No",NA,NA
"A Room with a View","tt0091867",1985,"117 min",NA,NA,"No",NA,NA
"The Rose Tattoo","tt0048563",1955,"117 min",NA,NA,"No",NA,NA
"Rosemary's Baby","tt0063522",1968,"137 min","9","Rated on 09 Jul 2021","Yes",NA,NA
"'Round Midnight","tt0090557",1986,"133 min",NA,NA,"No",NA,NA
"Ruggles of Red Gap","tt0026955",1935,"90 min",NA,NA,"No",NA,NA
"The Rules of the Game","tt0031885",1939,"110 min",NA,NA,"No",NA,NA
"The Ruling Class","tt0069198",1972,"154 min",NA,NA,"No",NA,NA
"Rushmore","tt0128445",1998,"93 min","7","Rated on 09 Jul 2021","Yes","Prime","Feature Film"
"Ruthless People","tt0091877",1986,"93 min",NA,NA,"No",NA,NA
"Sahara","tt0036323",1943,"97 min",NA,NA,"No",NA,NA
"Salaam Bombay!","tt0096028",1988,"113 min",NA,NA,"No",NA,NA
"Salesman","tt0064921",1969,"91 min",NA,NA,"No",NA,NA
"Sanjuro","tt0056443",1962,"96 min",NA,NA,"No",NA,NA
"Sansho the Bailiff","tt0047445",1954,"124 min",NA,NA,"No",NA,NA
"Saturday Night and Sunday Morning","tt0054269",1960,"89 min",NA,NA,"No",NA,NA
"Saturday Night Fever","tt0076666",1977,"118 min","7","Rated on 09 Jul 2021","Yes",NA,NA
"Saving Private Ryan","tt0120815",1998,"169 min","9","Rated on 09 Jul 2021","Yes","Prime","Feature Film"
"Say Anything","tt0098258",1989,"100 min","6","Rated on 09 Jul 2021","Yes",NA,NA
"Sayonara","tt0050933",1957,"147 min",NA,NA,"No","Prime","Feature Film"
"Scenes from a Marriage","tt0070644",1973,"283 min",NA,NA,"No",NA,NA
"Schindler's List","tt0108052",1993,"195 min","8","Rated on 09 Jul 2021","Yes",NA,NA
"The Scoundrel","tt0026970",1935,"76 min",NA,NA,"No",NA,NA
"The Search","tt0040765",1948,"104 min",NA,NA,"No",NA,NA
"The Searchers","tt0049730",1956,"119 min",NA,NA,"No",NA,NA
"Secret Honor","tt0088074",1984,"90 min",NA,NA,"No",NA,NA
"Secrets & Lies","tt0117589",1996,"136 min",NA,NA,"No",NA,NA
"Sense and Sensibility","tt0114388",1995,"136 min","8","Rated on 09 Jul 2021","Yes",NA,NA
"Sergeant York","tt0034167",1941,"134 min",NA,NA,"No",NA,NA
"Serpico","tt0070666",1973,"130 min",NA,NA,"No",NA,NA
"The Servant","tt0057490",1963,"116 min",NA,NA,"No",NA,NA
"The Set-Up","tt0041859",1949,"73 min",NA,NA,"No",NA,NA
"Seven Beauties","tt0075040",1975,"116 min",NA,NA,"No",NA,NA
"Seven Brides for Seven Brothers","tt0047472",1954,"102 min",NA,NA,"No",NA,NA
"Seven Days to Noon","tt0042949",1950,"94 min",NA,NA,"No",NA,NA
"Seven Samurai","tt0047478",1954,"207 min",NA,NA,"No",NA,NA
"Seven Up!","tt0058578",1964,"40 min",NA,NA,"No",NA,NA
"The Seven Year Itch","tt0048605",1955,"105 min","6","Rated on 09 Jul 2021","Yes",NA,NA
"The Seventh Seal","tt0050976",1957,"96 min",NA,NA,"No",NA,NA
"Sex, Lies, and Videotape","tt0098724",1989,"100 min",NA,NA,"No",NA,NA
"Sexy Beast","tt0203119",2000,"89 min",NA,NA,"No",NA,NA
"Shadow of a Doubt","tt0036342",1943,"108 min","7","Rated on 09 Jul 2021","Yes",NA,NA
"Shaft","tt0067741",1971,"100 min",NA,NA,"No",NA,NA
"Shakespeare in Love","tt0138097",1998,"123 min","6","Rated on 09 Jul 2021","Yes",NA,NA
"Shane","tt0046303",1953,"118 min",NA,NA,"No",NA,NA
"She Wore a Yellow Ribbon","tt0041866",1949,"104 min",NA,NA,"No",NA,NA
"Sherman's March","tt0091943",1985,"157 min",NA,NA,"No",NA,NA
"She's Gotta Have It","tt0091939",1986,"84 min",NA,NA,"No",NA,NA
"The Shining","tt0081505",1980,"146 min","9","Rated on 09 Jul 2021","Yes",NA,NA
"Ship of Fools","tt0059712",1965,"149 min",NA,NA,"No","Prime","Feature Film"
"Shoah","tt0090015",1985,"566 min",NA,NA,"No",NA,NA
"Shock Corridor","tt0057495",1963,"101 min",NA,NA,"No",NA,NA
"Shoeshine","tt0038913",1946,"87 min",NA,NA,"No",NA,NA
"Shoot the Piano Player","tt0054389",1960,"92 min",NA,NA,"No",NA,NA
"The Shooting Party","tt0088111",1984,"98 min",NA,NA,"No",NA,NA
"The Shootist","tt0075213",1976,"100 min",NA,NA,"No",NA,NA
"The Shop Around the Corner","tt0033045",1940,"99 min","7","Rated on 09 Jul 2021","Yes",NA,NA
"The Shop on Main Street","tt0059527",1965,"128 min",NA,NA,"No",NA,NA
"A Shot in the Dark","tt0058586",1964,"102 min",NA,NA,"No",NA,NA
"Shrek","tt0126029",2001,"90 min","7","Rated on 09 Jul 2021","Yes",NA,NA
"Sid and Nancy","tt0091954",1986,"112 min","6","Rated on 17 Jan 2022","Yes",NA,NA
"The Silence","tt0057611",1963,"96 min",NA,NA,"No",NA,NA
"The Silence of the Lambs","tt0102926",1991,"118 min","9","Rated on 09 Jul 2021","Yes","Prime","Feature Film"
"The Silent World","tt0049518",1956,"86 min",NA,NA,"No",NA,NA
"Silk Stockings","tt0050972",1957,"117 min",NA,NA,"No",NA,NA
"Silkwood","tt0086312",1983,"131 min",NA,NA,"No",NA,NA
"Singin' in the Rain","tt0045152",1952,"103 min","6","Rated on 04 Nov 2021","Yes",NA,NA
"Sitting Pretty","tt0040795",1948,"83 min",NA,NA,"No",NA,NA
"Sleeper","tt0070707",1973,"89 min",NA,NA,"No",NA,NA
"A Slight Case of Murder","tt0030764",1938,"85 min",NA,NA,"No",NA,NA
"Smash Palace","tt0083096",1981,"108 min",NA,NA,"No",NA,NA
"Smile","tt0073722",1975,"113 min",NA,NA,"No",NA,NA
"Smiles of a Summer Night","tt0048641",1955,"109 min",NA,NA,"No",NA,NA
"The Snake Pit","tt0040806",1948,"108 min",NA,NA,"No",NA,NA
"Snow White and the Seven Dwarfs","tt0029583",1937,"83 min","7","Rated on 09 Jul 2021","Yes",NA,NA
"Some Like It Hot","tt0053291",1959,"121 min","8","Rated on 09 Jul 2021","Yes",NA,NA
"The Sorrow and the Pity","tt0066904",1969,"251 min",NA,NA,"No",NA,NA
"The Sound of Music","tt0059742",1965,"172 min","9","Rated on 09 Jul 2021","Yes",NA,NA
"South Pacific","tt0052225",1958,"157 min",NA,NA,"No",NA,NA
"Spartacus","tt0054331",1960,"197 min","8","Rated on 09 Jul 2021","Yes",NA,NA
"Spellbound","tt0038109",1945,"111 min","6","Rated on 07 Jan 2022","Yes",NA,NA
"The Spiral Staircase","tt0038975",1946,"83 min",NA,NA,"No",NA,NA
"Spirited Away","tt0245429",2001,"125 min","8","Rated on 09 Jul 2021","Yes",NA,NA
"Splendor in the Grass","tt0055471",1961,"124 min",NA,NA,"No",NA,NA
"Stage Door","tt0029604",1937,"92 min",NA,NA,"No",NA,NA
"Stagecoach","tt0031971",1939,"96 min",NA,NA,"No","Prime","Feature Film"
"Stairway to Heaven","tt0038733",1946,"104 min",NA,NA,"No",NA,NA
"Stalag 17","tt0046359",1953,"120 min",NA,NA,"No",NA,NA
"A Star Is Born","tt0029606",1937,"111 min","7","Rated on 09 Jul 2021","Yes","Prime","Feature Film"
"Star Trek II: The Wrath of Khan","tt0084726",1982,"113 min","7","Rated on 09 Jul 2021","Yes",NA,NA
"Star Wars: Episode IV - A New Hope","tt0076759",1977,"121 min","8","Rated on 09 Jul 2021","Yes",NA,NA
"Starman","tt0088172",1984,"115 min",NA,NA,"No",NA,NA
"The Stars Look Down","tt0031976",1940,"110 min",NA,NA,"No",NA,NA
"State Fair","tt0024610",1933,"99 min",NA,NA,"No",NA,NA
"Stevie","tt0078321",1978,"102 min",NA,NA,"No",NA,NA
"Stolen Kisses","tt0062695",1968,"91 min",NA,NA,"No",NA,NA
"Stop Making Sense","tt0088178",1984,"88 min","8","Rated on 09 Jul 2021","Yes","Prime","Documentary"
"Stormy Monday","tt0096180",1988,"93 min",NA,NA,"No",NA,NA
"The Story of Adele H","tt0073114",1975,"96 min",NA,NA,"No",NA,NA
"Story of G.I. Joe","tt0038120",1945,"108 min",NA,NA,"No",NA,NA
"The Story of Qiu Ju","tt0105197",1992,"100 min",NA,NA,"No",NA,NA
"Story of Women","tt0096336",1988,"108 min",NA,NA,"No",NA,NA
"Storytelling","tt0250081",2001,"87 min",NA,NA,"No",NA,NA
"La Strada","tt0047528",1954,"108 min",NA,NA,"No",NA,NA
"The Straight Story","tt0166896",1999,"112 min",NA,NA,"No",NA,NA
"Straight Time","tt0078326",1978,"114 min",NA,NA,"No",NA,NA
"Stranger Than Paradise","tt0088184",1984,"89 min",NA,NA,"No",NA,NA
"Strangers on a Train","tt0044079",1951,"101 min","8","Rated on 06 Jan 2022","Yes",NA,NA
"Straw Dogs","tt0067800",1971,"113 min",NA,NA,"No",NA,NA
"A Streetcar Named Desire","tt0044081",1951,"122 min","9","Rated on 09 Jul 2021","Yes",NA,NA
"Stroszek","tt0075276",1977,"115 min",NA,NA,"No","Prime","Feature Film"
"Suddenly, Last Summer","tt0053318",1959,"114 min",NA,NA,"No",NA,NA
"The Sugarland Express","tt0072226",1974,"110 min",NA,NA,"No",NA,NA
"Sullivan's Travels","tt0034240",1941,"90 min",NA,NA,"No",NA,NA
"Summer","tt0091830",1986,"99 min",NA,NA,"No",NA,NA
"Summertime","tt0048673",1955,"100 min","6","Rated on 09 Jul 2021","Yes",NA,NA
"Sunday Bloody Sunday","tt0067805",1971,"110 min",NA,NA,"No","Prime","Feature Film"
"Sundays and Cybèle","tt0055910",1962,"111 min",NA,NA,"No",NA,NA
"Sunset Blvd.","tt0043014",1950,"110 min","8","Rated on 09 Jul 2021","Yes",NA,NA
"Suspicion","tt0034248",1941,"99 min","8","Rated on 02 Oct 2021","Yes",NA,NA
"The Sweet Hereafter","tt0120255",1997,"112 min",NA,NA,"No","Prime","Feature Film"
"Sweet Smell of Success","tt0051036",1957,"96 min",NA,NA,"No",NA,NA
"Sweet Sweetback's Baadasssss Song","tt0067810",1971,"97 min",NA,NA,"No",NA,NA
"Swept Away","tt0073817",1974,"114 min",NA,NA,"No",NA,NA
"Swing Time","tt0028333",1936,"103 min",NA,NA,"No",NA,NA
"The Taking of Pelham One Two Three","tt0072251",1974,"104 min",NA,NA,"No",NA,NA
"Talk to Her","tt0287467",2002,"112 min",NA,NA,"No",NA,NA
"Tampopo","tt0092048",1985,"114 min",NA,NA,"No",NA,NA
"Taste of Cherry","tt0120265",1997,"95 min",NA,NA,"No",NA,NA
"A Taste of Honey","tt0055506",1961,"101 min",NA,NA,"No",NA,NA
"Taxi Driver","tt0075314",1976,"114 min","9","Rated on 09 Jul 2021","Yes",NA,NA
"A Taxing Woman","tt0093502",1987,"127 min",NA,NA,"No",NA,NA
"A Taxing Woman's Return","tt0095597",1988,"127 min",NA,NA,"No",NA,NA
"Tell Them Willie Boy Is Here","tt0065079",1969,"98 min",NA,NA,"No",NA,NA
"10","tt0078721",1979,"122 min",NA,NA,"No",NA,NA
"The Ten Commandments","tt0049833",1956,"220 min","7","Rated on 09 Jul 2021","Yes",NA,NA
"Tender Mercies","tt0086423",1983,"92 min",NA,NA,"No",NA,NA
"The Tender Trap","tt0048705",1955,"111 min",NA,NA,"No",NA,NA
"Terms of Endearment","tt0086425",1983,"132 min",NA,NA,"No",NA,NA
"La Terra Trema","tt0040866",1948,"160 min",NA,NA,"No",NA,NA
"Tess","tt0080009",1979,"186 min",NA,NA,"No",NA,NA
"That Obscure Object of Desire","tt0075824",1977,"103 min",NA,NA,"No",NA,NA
"That's Life!","tt0092079",1986,"102 min",NA,NA,"No",NA,NA
"Thelma & Louise","tt0103074",1991,"130 min","9","Rated on 09 Jul 2021","Yes",NA,NA
"These Three","tt0028356",1936,"93 min",NA,NA,"No",NA,NA
"They Live by Night","tt0040872",1948,"95 min",NA,NA,"No",NA,NA
"They Shoot Horses, Don't They?","tt0065088",1969,"129 min","8","Rated on 09 Jul 2021","Yes",NA,NA
"They Were Expendable","tt0038160",1945,"135 min",NA,NA,"No",NA,NA
"They Won't Forget","tt0029658",1937,"95 min",NA,NA,"No",NA,NA
"The Thief of Bagdad","tt0033152",1940,"106 min",NA,NA,"No",NA,NA
"The Thin Blue Line","tt0096257",1988,"101 min",NA,NA,"No",NA,NA
"The Thin Man","tt0025878",1934,"91 min","7","Rated on 09 Jul 2021","Yes",NA,NA
"The Thin Red Line","tt0120863",1998,"170 min","7","Rated on 09 Jul 2021","Yes",NA,NA
"The Third Generation","tt0079083",1979,"111 min",NA,NA,"No",NA,NA
"The Third Man","tt0041959",1949,"93 min","8","Rated on 01 Jan 2022","Yes",NA,NA
"The 39 Steps","tt0026029",1935,"86 min","8","Rated on 09 Jul 2021","Yes","Prime","Feature Film"
"Thirty Two Short Films About Glenn Gould","tt0108328",1993,"98 min",NA,NA,"No",NA,NA
"This Is Spinal Tap","tt0088258",1984,"82 min",NA,NA,"No",NA,NA
"This Man Must Die","tt0064861",1969,"110 min",NA,NA,"No",NA,NA
"This Sporting Life","tt0057578",1963,"134 min",NA,NA,"No",NA,NA
"Three Comrades","tt0030865",1938,"98 min",NA,NA,"No",NA,NA
"Three Days of the Condor","tt0073802",1975,"117 min","8","Rated on 09 Jul 2021","Yes",NA,NA
"Throne of Blood","tt0050613",1957,"110 min",NA,NA,"No",NA,NA
"Whisky Galore!","tt0042040",1949,"82 min",NA,NA,"No",NA,NA
"The Tin Drum","tt0078875",1979,"142 min",NA,NA,"No",NA,NA
"To Be or Not to Be","tt0035446",1942,"99 min",NA,NA,"No",NA,NA
"To Catch a Thief","tt0048728",1955,"106 min","8","Rated on 09 Jul 2021","Yes",NA,NA
"To Have and Have Not","tt0037382",1944,"100 min","8","Rated on 09 Jul 2021","Yes",NA,NA
"To Kill a Mockingbird","tt0056592",1962,"129 min","8","Rated on 09 Jul 2021","Yes",NA,NA
"To Live","tt0110081",1994,"133 min",NA,NA,"No",NA,NA
"Tokyo Story","tt0046438",1953,"136 min",NA,NA,"No","Prime","Feature Film"
"Tom Jones","tt0057590",1963,"129 min",NA,NA,"No",NA,NA
"Tootsie","tt0084805",1982,"116 min",NA,NA,"No",NA,NA
"Top Hat","tt0027125",1935,"101 min","6","Rated on 09 Jul 2021","Yes",NA,NA
"Topaz","tt0065112",1969,"143 min","6","Rated on 09 Jul 2021","Yes",NA,NA
"Topkapi","tt0058672",1964,"120 min",NA,NA,"No","Prime","Feature Film"
"Total Recall","tt0100802",1990,"113 min",NA,NA,"No",NA,NA
"Touch of Evil","tt0052311",1958,"95 min",NA,NA,"No",NA,NA
"Toy Story","tt0114709",1995,"81 min","9","Rated on 09 Jul 2021","Yes",NA,NA
"Traffic","tt0181865",2000,"147 min","5","Rated on 09 Jul 2021","Yes",NA,NA
"The Train","tt0059825",1964,"133 min",NA,NA,"No",NA,NA
"Trainspotting","tt0117951",1996,"93 min",NA,NA,"No",NA,NA
"The Treasure of the Sierra Madre","tt0040897",1948,"126 min",NA,NA,"No",NA,NA
"A Tree Grows in Brooklyn","tt0038190",1945,"129 min",NA,NA,"No",NA,NA
"The Tree of Wooden Clogs","tt0077138",1978,"186 min",NA,NA,"No",NA,NA
"The Trip to Bountiful","tt0090203",1985,"108 min",NA,NA,"No","Prime","Feature Film"
"Tristana","tt0066491",1970,"99 min",NA,NA,"No",NA,NA
"Trouble in Paradise","tt0023622",1932,"83 min",NA,NA,"No",NA,NA
"The Trouble with Harry","tt0048750",1955,"99 min","5","Rated on 02 Oct 2021","Yes",NA,NA
"True Grit","tt0065126",1969,"128 min",NA,NA,"No",NA,NA
"True Love","tt0098528",1989,"104 min",NA,NA,"No",NA,NA
"Trust","tt0103130",1990,"107 min",NA,NA,"No",NA,NA
"Tunes of Glory","tt0054412",1960,"106 min",NA,NA,"No",NA,NA
"12 Angry Men","tt0050083",1957,"96 min","9","Rated on 09 Jul 2021","Yes","Prime","Feature Film"
"Twelve O'Clock High","tt0041996",1949,"132 min",NA,NA,"No",NA,NA
"Twentieth Century","tt0025919",1934,"91 min",NA,NA,"No",NA,NA
"Two English Girls","tt0066989",1971,"130 min",NA,NA,"No",NA,NA
"2001: A Space Odyssey","tt0062622",1968,"149 min","10","Rated on 09 Jul 2021","Yes",NA,NA
"Two Women","tt0054749",1960,"101 min",NA,NA,"No","Prime","Feature Film"
"Ugetsu","tt0046478",1953,"96 min",NA,NA,"No",NA,NA
"Ulzana's Raid","tt0069436",1972,"103 min",NA,NA,"No",NA,NA
"Umberto D.","tt0045274",1952,"89 min",NA,NA,"No",NA,NA
"The Unbearable Lightness of Being","tt0096332",1988,"171 min",NA,NA,"No",NA,NA
"Unforgiven","tt0105695",1992,"130 min",NA,NA,"No",NA,NA
"The Usual Suspects","tt0114814",1995,"106 min","8","Rated on 09 Jul 2021","Yes","Prime","Feature Film"
"Vanya on 42nd Street","tt0111590",1994,"119 min",NA,NA,"No",NA,NA
"The Verdict","tt0084855",1982,"129 min",NA,NA,"No",NA,NA
"Vertigo","tt0052357",1958,"128 min","8","Rated on 09 Jul 2021","Yes",NA,NA
"Videodrome","tt0086541",1983,"87 min","7","Rated on 09 Jul 2021","Yes",NA,NA
"Violette","tt0078467",1978,"124 min",NA,NA,"No",NA,NA
"Viridiana","tt0055601",1961,"90 min",NA,NA,"No",NA,NA
"Viva Zapata!","tt0045296",1952,"113 min",NA,NA,"No",NA,NA
"The Voice of the Turtle","tt0039969",1947,"103 min",NA,NA,"No",NA,NA
"The Wages of Fear","tt0046268",1953,"131 min",NA,NA,"No",NA,NA
"Waking Life","tt0243017",2001,"99 min",NA,NA,"No",NA,NA
"Walkabout","tt0067959",1971,"100 min",NA,NA,"No",NA,NA
"A Walk in the Sun","tt0038235",1945,"117 min",NA,NA,"No",NA,NA
"The War Game","tt0059894",1966,"48 min",NA,NA,"No",NA,NA
"The War of the Roses","tt0098621",1989,"116 min",NA,NA,"No",NA,NA
"The Warriors","tt0080120",1979,"92 min",NA,NA,"No",NA,NA
"Watch on the Rhine","tt0036515",1943,"114 min",NA,NA,"No",NA,NA
"The Waterdance","tt0105789",1992,"106 min",NA,NA,"No",NA,NA
"The Way We Were","tt0070903",1973,"118 min","7","Rated on 18 Jan 2022","Yes",NA,NA
"Weekend","tt0062480",1967,"105 min",NA,NA,"No",NA,NA
"Welcome to the Dollhouse","tt0114906",1995,"88 min",NA,NA,"No",NA,NA
"The Well-Digger's Daughter","tt0033603",1940,"142 min",NA,NA,"No",NA,NA
"West Side Story","tt0055614",1961,"153 min","8","Rated on 29 Dec 2021","Yes",NA,NA
"The Whales of August","tt0094315",1987,"90 min",NA,NA,"No",NA,NA
"What Ever Happened to Baby Jane?","tt0056687",1962,"134 min","9","Rated on 09 Jul 2021","Yes",NA,NA
"What's Eating Gilbert Grape","tt0108550",1993,"118 min","8","Rated on 09 Jul 2021","Yes",NA,NA
"What's Up, Doc?","tt0069495",1972,"94 min",NA,NA,"No",NA,NA
"When Harry Met Sally...","tt0098635",1989,"95 min",NA,NA,"No",NA,NA
"White Heat","tt0042041",1949,"114 min",NA,NA,"No",NA,NA
"Who Framed Roger Rabbit","tt0096438",1988,"104 min","8","Rated on 09 Jul 2021","Yes",NA,NA
"Who's Afraid of Virginia Woolf?","tt0061184",1966,"131 min",NA,NA,"No",NA,NA
"The Wild Bunch","tt0065214",1969,"135 min",NA,NA,"No",NA,NA
"The Wild Child","tt0064285",1970,"83 min",NA,NA,"No",NA,NA
"Wild Reeds","tt0111019",1994,"110 min",NA,NA,"No",NA,NA
"Wild Strawberries","tt0050986",1957,"91 min","8","Rated on 11 Jan 2022","Yes",NA,NA
"Wilson","tt0037465",1944,"154 min",NA,NA,"No",NA,NA
"Wings of Desire","tt0093191",1987,"128 min",NA,NA,"No",NA,NA
"Wise Blood","tt0080140",1979,"106 min",NA,NA,"No",NA,NA
"The Wizard of Oz","tt0032138",1939,"102 min","10","Rated on 09 Jul 2021","Yes",NA,NA
"Woman in the Dunes","tt0058625",1964,"147 min",NA,NA,"No",NA,NA
"Woman of the Year","tt0035567",1942,"114 min","6","Rated on 09 Jul 2021","Yes",NA,NA
"The Women","tt0032143",1939,"133 min",NA,NA,"No",NA,NA
"Women in Love","tt0066579",1969,"131 min",NA,NA,"No",NA,NA
"Women on the Verge of a Nervous Breakdown","tt0095675",1988,"88 min",NA,NA,"No",NA,NA
"Woodstock","tt0066580",1970,"184 min",NA,NA,"No",NA,NA
"Working Girl","tt0096463",1988,"113 min","6","Rated on 09 Jul 2021","Yes",NA,NA
"The World of Apu","tt0052572",1959,"105 min",NA,NA,"No",NA,NA
"The World of Henry Orient","tt0058756",1964,"106 min",NA,NA,"No",NA,NA
"Written on the Wind","tt0049966",1956,"99 min",NA,NA,"No",NA,NA
"Wuthering Heights","tt0032145",1939,"104 min","8","Rated on 09 Jul 2021","Yes","Prime","Feature Film"
"Yankee Doodle Dandy","tt0035575",1942,"126 min",NA,NA,"No",NA,NA
"The Year of Living Dangerously","tt0086617",1982,"115 min",NA,NA,"No",NA,NA
"The Yearling","tt0039111",1946,"128 min",NA,NA,"No",NA,NA
"Yellow Submarine","tt0063823",1968,"85 min","6","Rated on 09 Jul 2021","Yes",NA,NA
"Yi Yi: A One and a Two...","tt0244316",2000,"173 min",NA,NA,"No",NA,NA
"Yojimbo","tt0055630",1961,"110 min",NA,NA,"No",NA,NA
"You Can Count on Me","tt0203230",2000,"111 min",NA,NA,"No",NA,NA
"You Only Live Once","tt0029808",1937,"86 min",NA,NA,"No","Prime","Feature Film"
"Young Frankenstein","tt0072431",1974,"106 min","8","Rated on 09 Jul 2021","Yes",NA,NA
"Young Mr. Lincoln","tt0032155",1939,"100 min",NA,NA,"No",NA,NA
"Y tu mamá también","tt0245574",2001,"106 min",NA,NA,"No",NA,NA
"Z","tt0065234",1969,"127 min",NA,NA,"No",NA,NA
"Zero for Conduct","tt0024803",1933,"44 min",NA,NA,"No",NA,NA
