"Position","Const","Created","Modified","Description","Title","URL","Title.Type","IMDb.Rating","Runtime..mins.","Year","Genres","Num.Votes","Release.Date","Directors"
3,"tt5433138","2021-07-19","2021-07-19",NA,"F9","https://www.imdb.com/title/tt5433138/","movie",5.2,143,2021,"Action, Crime, Thriller",123862,"2021-05-19","Justin Lin"
5,"tt8579674","2021-07-19","2021-07-19",NA,"1917","https://www.imdb.com/title/tt8579674/","movie",8.2,119,2019,"Action, Drama, War",552148,"2019-12-04","Sam Mendes"
7,"tt8637428","2021-07-19","2021-07-19",NA,"The Farewell","https://www.imdb.com/title/tt8637428/","movie",7.5,100,2019,"Comedy, Drama",62446,"2019-01-25","Lulu Wang"
11,"tt0092890","2021-07-19","2021-07-19",NA,"Dirty Dancing","https://www.imdb.com/title/tt0092890/","movie",7,100,1987,"Drama, Music, Romance",225868,"1987-08-17","Emile Ardolino"
12,"tt0087957","2021-07-19","2021-07-19",NA,"Purple Rain","https://www.imdb.com/title/tt0087957/","movie",6.5,111,1984,"Drama, Music, Romance",21491,"1984-07-27","Albert Magnoli"
12,"tt8623904","2021-07-19","2021-07-19",NA,"Last Christmas","https://www.imdb.com/title/tt8623904/","movie",6.5,103,2019,"Comedy, Drama, Fantasy, Romance",76136,"2019-11-07","Paul Feig"
12,"tt8266310","2021-07-19","2021-07-19",NA,"Blinded by the Light","https://www.imdb.com/title/tt8266310/","movie",6.9,118,2019,"Comedy, Drama, Music",24774,"2019-01-27","Gurinder Chadha"
12,"tt6320628","2021-07-19","2021-07-19",NA,"Spider-Man: Far from Home","https://www.imdb.com/title/tt6320628/","movie",7.4,129,2019,"Action, Adventure, Sci-Fi",464466,"2019-06-26","Jon Watts"
13,"tt6107548","2021-07-19","2021-07-19",NA,"Late Night","https://www.imdb.com/title/tt6107548/","movie",6.5,102,2019,"Comedy, Drama",36765,"2019-01-25","Nisha Ganatra"
13,"tt5884052","2021-07-19","2021-07-19",NA,"Pokémon: Detective Pikachu","https://www.imdb.com/title/tt5884052/","movie",6.5,104,2019,"Action, Adventure, Comedy, Family, Mystery, Sci-Fi",158085,"2019-05-02","Rob Letterman"
14,"tt4154796","2021-07-19","2021-07-19",NA,"Avengers: Endgame","https://www.imdb.com/title/tt4154796/","movie",8.4,181,2019,"Action, Adventure, Drama, Sci-Fi",1056713,"2019-04-22","Anthony Russo, Joe Russo"
15,"tt4633694","2021-07-19","2021-07-19",NA,"Spider-Man: Into the Spider-Verse","https://www.imdb.com/title/tt4633694/","movie",8.4,117,2018,"Animation, Action, Adventure, Comedy, Family, Fantasy, Sci-Fi",492430,"2018-12-06","Peter Ramsey, Rodney Rothman, Bob Persichetti"
15,"tt1477834","2021-07-19","2021-07-19",NA,"Aquaman","https://www.imdb.com/title/tt1477834/","movie",6.8,143,2018,"Action, Adventure, Fantasy, Sci-Fi",451630,"2018-11-26","James Wan"
15,"tt1270797","2021-07-19","2021-07-19",NA,"Venom","https://www.imdb.com/title/tt1270797/","movie",6.6,112,2018,"Action, Adventure, Sci-Fi",467142,"2018-10-01","Ruben Fleischer"
15,"tt1517451","2021-07-19","2021-07-19",NA,"A Star Is Born","https://www.imdb.com/title/tt1517451/","movie",7.6,136,2018,"Drama, Music, Romance",373642,"2018-08-31","Bradley Cooper"
16,"tt6911608","2021-07-19","2021-07-19",NA,"Mamma Mia! Here We Go Again","https://www.imdb.com/title/tt6911608/","movie",6.6,114,2018,"Comedy, Musical, Romance",92498,"2018-07-11","Ol Parker"
17,"tt7784604","2021-07-19","2021-07-19",NA,"Hereditary","https://www.imdb.com/title/tt7784604/","movie",7.3,127,2018,"Drama, Horror, Mystery, Thriller",293713,"2018-01-21","Ari Aster"
18,"tt5164432","2021-07-19","2021-07-19",NA,"Love, Simon","https://www.imdb.com/title/tt5164432/","movie",7.5,110,2018,"Comedy, Drama, Romance",111702,"2018-02-27","Greg Berlanti"
20,"tt0120032","2021-07-19","2021-07-19",NA,"Romy and Michele's High School Reunion","https://www.imdb.com/title/tt0120032/","movie",6.3,92,1997,"Comedy",47237,"1997-04-25","David Mirkin"
21,"tt5052448","2021-07-19","2021-07-19",NA,"Get Out","https://www.imdb.com/title/tt5052448/","movie",7.7,104,2017,"Horror, Mystery, Thriller",562494,"2017-01-23","Jordan Peele"
22,"tt1136608","2021-07-19","2021-07-19",NA,"District 9","https://www.imdb.com/title/tt1136608/","movie",7.9,112,2009,"Action, Sci-Fi, Thriller",671396,"2009-08-13","Neill Blomkamp"
23,"tt0390384","2021-07-19","2021-07-19",NA,"Primer","https://www.imdb.com/title/tt0390384/","movie",6.8,77,2004,"Drama, Sci-Fi, Thriller",105524,"2004-01-16","Shane Carruth"
24,"tt0164114","2021-07-19","2021-07-19",NA,"Drive Me Crazy","https://www.imdb.com/title/tt0164114/","movie",5.7,91,1999,"Comedy, Drama, Romance",19527,"1999-09-22","John Schultz"
25,"tt0126886","2021-07-19","2021-07-19",NA,"Election","https://www.imdb.com/title/tt0126886/","movie",7.3,103,1999,"Comedy, Romance",96332,"1999-04-23","Alexander Payne"
26,"tt0319343","2021-07-19","2021-07-19",NA,"Elf","https://www.imdb.com/title/tt0319343/","movie",7,97,2003,"Adventure, Comedy, Family, Fantasy, Romance",261343,"2003-10-09","Jon Favreau"
27,"tt0120631","2021-07-19","2021-07-19",NA,"Ever After","https://www.imdb.com/title/tt0120631/","movie",7,121,1998,"Comedy, Drama, Romance",74904,"1998-07-29","Andy Tennant"
28,"tt0119116","2021-07-19","2021-07-19",NA,"The Fifth Element","https://www.imdb.com/title/tt0119116/","movie",7.6,126,1997,"Action, Adventure, Sci-Fi",464846,"1997-05-07","Luc Besson"
29,"tt0137523","2021-07-19","2021-07-19",NA,"Fight Club","https://www.imdb.com/title/tt0137523/","movie",8.8,139,1999,"Drama",2040449,"1999-09-10","David Fincher"
30,"tt0427327","2021-07-19","2021-07-19",NA,"Hairspray","https://www.imdb.com/title/tt0427327/","movie",6.7,117,2007,"Comedy, Drama, Musical, Romance",128756,"2007-07-10","Adam Shankman"
30,"tt0993842","2021-07-19","2021-07-19",NA,"Hanna","https://www.imdb.com/title/tt0993842/","movie",6.8,111,2011,"Action, Adventure, Drama, Thriller",197852,"2011-04-07","Joe Wright"
31,"tt0125022","2021-07-19","2021-07-19",NA,"Heartbreakers","https://www.imdb.com/title/tt0125022/","movie",6.2,123,2001,"Comedy, Crime, Romance",54295,"2001-03-23","David Mirkin"
32,"tt0315983","2021-07-19","2021-07-19",NA,"House of Sand and Fog","https://www.imdb.com/title/tt0315983/","movie",7.5,126,2003,"Crime, Drama",68441,"2003-12-19","Vadim Perelman"
33,"tt5503686","2021-07-19","2021-07-19",NA,"Hustlers","https://www.imdb.com/title/tt5503686/","movie",6.3,110,2019,"Comedy, Crime, Drama",96760,"2019-09-07","Lorene Scafaria"
34,"tt0277027","2021-07-19","2021-07-19",NA,"I Am Sam","https://www.imdb.com/title/tt0277027/","movie",7.6,132,2001,"Drama",149285,"2001-12-03","Jessie Nelson"
35,"tt0247425","2021-07-19","2021-07-19",NA,"In the Bedroom","https://www.imdb.com/title/tt0247425/","movie",7.4,131,2001,"Crime, Drama",40321,"2001-01-19","Todd Field"
36,"tt1051906","2021-07-19","2021-07-19",NA,"The Invisible Man","https://www.imdb.com/title/tt1051906/","movie",7.1,124,2020,"Drama, Horror, Mystery, Sci-Fi, Thriller",217651,"2020-02-24","Leigh Whannell"
37,"tt0120902","2021-07-19","2021-07-19",NA,"The X Files","https://www.imdb.com/title/tt0120902/","movie",7,121,1998,"Drama, Mystery, Sci-Fi, Thriller",105296,"1998-06-19","Rob Bowman"
38,"tt0298228","2021-07-19","2021-07-19",NA,"Whale Rider","https://www.imdb.com/title/tt0298228/","movie",7.5,101,2002,"Drama, Family",42275,"2002-09-09","Niki Caro"
39,"tt0344510","2021-07-19","2021-07-19",NA,"Un long dimanche de fiançailles","https://www.imdb.com/title/tt0344510/","movie",7.6,133,2004,"Drama, Mystery, Romance, War",73582,"2004-10-27","Jean-Pierre Jeunet"
40,"tt6857112","2021-07-19","2021-07-19",NA,"Us","https://www.imdb.com/title/tt6857112/","movie",6.8,116,2019,"Horror, Mystery, Thriller",275950,"2019-03-08","Jordan Peele"
41,"tt2084989","2021-07-19","2021-07-19",NA,"Upstream Color","https://www.imdb.com/title/tt2084989/","movie",6.5,96,2013,"Drama, Sci-Fi",33395,"2013-01-21","Shane Carruth"
42,"tt0328589","2021-07-19","2021-07-19",NA,"Under the Tuscan Sun","https://www.imdb.com/title/tt0328589/","movie",6.7,113,2003,"Comedy, Drama, Romance",52327,"2003-09-20","Audrey Wells"
43,"tt0117979","2021-07-19","2021-07-19",NA,"The Truth About Cats & Dogs","https://www.imdb.com/title/tt0117979/","movie",6.3,97,1996,"Comedy, Romance",27851,"1996-04-26","Michael Lehmann"
44,"tt0120382","2021-07-19","2021-07-19",NA,"The Truman Show","https://www.imdb.com/title/tt0120382/","movie",8.2,103,1998,"Comedy, Drama",1039252,"1998-06-01","Peter Weir"
45,"tt1104001","2021-07-19","2021-07-19",NA,"Tron","https://www.imdb.com/title/tt1104001/","movie",6.8,125,2010,"Action, Adventure, Sci-Fi",331762,"2010-11-30","Joseph Kosinski"
46,"tt0265666","2021-07-19","2021-07-19",NA,"The Royal Tenenbaums","https://www.imdb.com/title/tt0265666/","movie",7.6,110,2001,"Comedy, Drama",287934,"2001-10-05","Wes Anderson"
47,"tt0123209","2021-07-19","2021-07-19",NA,"The Other Sister","https://www.imdb.com/title/tt0123209/","movie",6.4,129,1999,"Comedy, Drama, Romance",12470,"1999-02-26","Garry Marshall"
48,"tt0273923","2021-07-19","2021-07-19",NA,"Orange County","https://www.imdb.com/title/tt0273923/","movie",6.2,82,2002,"Comedy, Drama",49856,"2002-01-07","Jake Kasdan"
49,"tt7146812","2021-07-19","2021-07-19",NA,"Onward","https://www.imdb.com/title/tt7146812/","movie",7.4,102,2020,"Animation, Adventure, Comedy, Family, Fantasy",142023,"2020-02-21","Dan Scanlon"
50,"tt0151804","2021-07-19","2021-07-19",NA,"Office Space","https://www.imdb.com/title/tt0151804/","movie",7.7,89,1999,"Comedy",261550,"1999-02-19","Mike Judge"
51,"tt5164214","2021-07-19","2021-07-19",NA,"Ocean's Eight","https://www.imdb.com/title/tt5164214/","movie",6.3,110,2018,"Action, Comedy, Crime, Thriller",212754,"2018-06-05","Gary Ross"
52,"tt0125439","2021-07-19","2021-07-19",NA,"Notting Hill","https://www.imdb.com/title/tt0125439/","movie",7.2,124,1999,"Comedy, Drama, Romance",303364,"1999-04-27","Roger Michell"
53,"tt0332280","2021-07-19","2021-07-19",NA,"The Notebook","https://www.imdb.com/title/tt0332280/","movie",7.8,123,2004,"Drama, Romance",559131,"2004-05-20","Nick Cassavetes"
54,"tt0113862","2021-07-19","2021-07-19",NA,"Mr. Holland's Opus","https://www.imdb.com/title/tt0113862/","movie",7.3,143,1995,"Drama, Music",38905,"1995-12-29","Stephen Herek"
55,"tt0356910","2021-07-19","2021-07-19",NA,"Mr. & Mrs. Smith","https://www.imdb.com/title/tt0356910/","movie",6.5,120,2005,"Action, Comedy, Crime, Thriller",484525,"2005-06-07","Doug Liman"
56,"tt5109784","2021-07-19","2021-07-19",NA,"Mother!","https://www.imdb.com/title/tt5109784/","movie",6.6,121,2017,"Drama, Horror, Mystery",217973,"2017-09-05","Darren Aronofsky"
57,"tt0209144","2021-07-19","2021-07-19",NA,"Memento","https://www.imdb.com/title/tt0209144/","movie",8.4,113,2000,"Mystery, Thriller",1208787,"2000-09-05","Christopher Nolan"
58,"tt0377092","2021-07-19","2021-07-19",NA,"Mean Girls","https://www.imdb.com/title/tt0377092/","movie",7.1,97,2004,"Comedy",371471,"2004-04-19","Mark Waters"
59,"tt0133093","2021-07-19","2021-07-19",NA,"The Matrix","https://www.imdb.com/title/tt0133093/","movie",8.7,136,1999,"Action, Sci-Fi",1861830,"1999-03-24","Lilly Wachowski, Lana Wachowski"
60,"tt0117008","2021-07-19","2021-07-19",NA,"Matilda","https://www.imdb.com/title/tt0117008/","movie",6.9,98,1996,"Comedy, Family, Fantasy",146871,"1996-07-28","Danny DeVito"
61,"tt5028340","2021-07-19","2021-07-19",NA,"Mary Poppins Returns","https://www.imdb.com/title/tt5028340/","movie",6.7,130,2018,"Adventure, Comedy, Family, Fantasy, Musical",86729,"2018-11-29","Rob Marshall"
62,"tt3659388","2021-07-19","2021-07-19",NA,"The Martian","https://www.imdb.com/title/tt3659388/","movie",8,144,2015,"Adventure, Drama, Sci-Fi",829602,"2015-09-11","Ridley Scott"
63,"tt1915581","2021-07-19","2021-07-19",NA,"Magic Mike","https://www.imdb.com/title/tt1915581/","movie",6.1,110,2012,"Comedy, Drama",137396,"2012-06-24","Steven Soderbergh"
64,"tt2268016","2021-07-19","2021-07-19",NA,"Magic Mike XXL","https://www.imdb.com/title/tt2268016/","movie",5.6,115,2015,"Comedy, Drama, Music",55870,"2015-07-01","Gregory Jacobs"
65,"tt0364517","2021-07-19","2021-07-19",NA,"Jeux d'enfants","https://www.imdb.com/title/tt0364517/","movie",7.5,93,2003,"Comedy, Drama, Romance",69736,"2003-08-29","Yann Samuell"
66,"tt0314331","2021-07-19","2021-07-19",NA,"Love Actually","https://www.imdb.com/title/tt0314331/","movie",7.6,135,2003,"Comedy, Drama, Romance",474870,"2003-11-06","Richard Curtis"
67,"tt0264796","2021-07-19","2021-07-19",NA,"Life as a House","https://www.imdb.com/title/tt0264796/","movie",7.5,125,2001,"Drama",44092,"2001-09-09","Irwin Winkler"
68,"tt0275847","2021-07-19","2021-07-19",NA,"Lilo & Stitch","https://www.imdb.com/title/tt0275847/","movie",7.3,85,2002,"Animation, Adventure, Comedy, Drama, Family, Fantasy, Sci-Fi",185453,"2002-06-16","Dean DeBlois, Chris Sanders"
69,"tt0250494","2021-07-19","2021-07-19",NA,"Legally Blonde","https://www.imdb.com/title/tt0250494/","movie",6.4,96,2001,"Comedy, Romance",211261,"2001-06-26","Robert Luketic"
70,"tt1013743","2021-07-19","2021-07-19",NA,"Knight and Day","https://www.imdb.com/title/tt1013743/","movie",6.3,109,2010,"Action, Adventure, Comedy",192709,"2010-06-16","James Mangold"
71,"tt0120789","2021-07-19","2021-07-19",NA,"Pleasantville","https://www.imdb.com/title/tt0120789/","movie",7.5,124,1998,"Comedy, Drama, Fantasy",128350,"1998-09-17","Gary Ross"
72,"tt0117705","2021-07-19","2021-07-19",NA,"Space Jam","https://www.imdb.com/title/tt0117705/","movie",6.5,88,1996,"Animation, Adventure, Comedy, Family, Fantasy, Sci-Fi, Sport",194870,"1996-11-10","Joe Pytka"
73,"tt0210616","2021-07-19","2021-07-19",NA,"Center Stage","https://www.imdb.com/title/tt0210616/","movie",6.6,115,2000,"Drama, Music, Romance",21548,"2000-05-12","Nicholas Hytner"
74,"tt0116683","2021-07-19","2021-07-19",NA,"James and the Giant Peach","https://www.imdb.com/title/tt0116683/","movie",6.7,79,1996,"Animation, Adventure, Family, Fantasy, Musical",66164,"1996-04-12","Henry Selick"
75,"tt0116583","2021-07-19","2021-07-19",NA,"The Hunchback of Notre Dame","https://www.imdb.com/title/tt0116583/","movie",7,91,1996,"Animation, Drama, Family, Musical, Romance",154343,"1996-06-19","Gary Trousdale, Kirk Wise"
76,"tt0332379","2021-07-19","2021-07-19",NA,"School of Rock","https://www.imdb.com/title/tt0332379/","movie",7.2,109,2003,"Comedy, Music",300224,"2003-09-09","Richard Linklater"
77,"tt0113497","2021-07-19","2021-07-19",NA,"Jumanji","https://www.imdb.com/title/tt0113497/","movie",7,104,1995,"Adventure, Comedy, Family, Fantasy",337322,"1995-12-15","Joe Johnston"
78,"tt0102492","2021-07-19","2021-07-19",NA,"My Girl","https://www.imdb.com/title/tt0102492/","movie",6.9,102,1991,"Comedy, Drama, Family, Romance",80073,"1991-11-27","Howard Zieff"
79,"tt0117571","2021-07-19","2021-07-19",NA,"Scream","https://www.imdb.com/title/tt0117571/","movie",7.3,111,1996,"Horror, Mystery",332259,"1996-12-18","Wes Craven"
80,"tt0120762","2021-07-19","2021-07-19",NA,"Mulan","https://www.imdb.com/title/tt0120762/","movie",7.6,88,1998,"Animation, Adventure, Comedy, Family, Fantasy, Musical, War",280210,"1998-06-05","Tony Bancroft, Barry Cook"
81,"tt0374900","2021-07-19","2021-07-19",NA,"Napoleon Dynamite","https://www.imdb.com/title/tt0374900/","movie",6.9,96,2004,"Comedy",215070,"2004-01-17","Jared Hess"
82,"tt0104431","2021-07-19","2021-07-19",NA,"Home Alone 2: Lost in New York","https://www.imdb.com/title/tt0104431/","movie",6.8,120,1992,"Adventure, Comedy, Crime, Family",345405,"1992-11-15","Chris Columbus"
83,"tt0247638","2021-07-19","2021-07-19",NA,"The Princess Diaries","https://www.imdb.com/title/tt0247638/","movie",6.3,115,2001,"Comedy, Family, Romance",141769,"2001-07-29","Garry Marshall"
84,"tt0367594","2021-07-19","2021-07-19",NA,"Charlie and the Chocolate Factory","https://www.imdb.com/title/tt0367594/","movie",6.7,115,2005,"Adventure, Comedy, Family, Fantasy, Musical",467600,"2005-07-10","Tim Burton"
85,"tt0311289","2021-07-19","2021-07-19",NA,"Holes","https://www.imdb.com/title/tt0311289/","movie",7,117,2003,"Adventure, Comedy, Drama, Family, Mystery",86927,"2003-04-11","Andrew Davis"
86,"tt1318514","2021-07-19","2021-07-19",NA,"Rise of the Planet of the Apes","https://www.imdb.com/title/tt1318514/","movie",7.6,105,2011,"Action, Drama, Sci-Fi, Thriller",520531,"2011-07-28","Rupert Wyatt"
87,"tt0120783","2021-07-19","2021-07-19",NA,"The Parent Trap","https://www.imdb.com/title/tt0120783/","movie",6.6,128,1998,"Adventure, Comedy, Drama, Family, Romance",134206,"1998-07-20","Nancy Meyers"
88,"tt0327597","2021-07-19","2021-07-19",NA,"Coraline","https://www.imdb.com/title/tt0327597/","movie",7.7,100,2009,"Animation, Drama, Family, Fantasy, Thriller",219989,"2009-02-05","Henry Selick"
89,"tt0118617","2021-07-19","2021-07-19",NA,"Anastasia","https://www.imdb.com/title/tt0118617/","movie",7.1,94,1997,"Animation, Adventure, Drama, Family, Fantasy, Musical, Mystery, Romance",121583,"1997-11-14","Don Bluth, Gary Goldman"
90,"tt0113198","2021-07-19","2021-07-19",NA,"A Goofy Movie","https://www.imdb.com/title/tt0113198/","movie",6.9,78,1995,"Animation, Adventure, Comedy, Family, Musical, Romance",53034,"1995-04-02","Kevin Lima"
91,"tt0107131","2021-07-19","2021-07-19",NA,"Homeward Bound: The Incredible Journey","https://www.imdb.com/title/tt0107131/","movie",6.9,84,1993,"Adventure, Comedy, Drama, Family",46162,"1993-02-03","Duwayne Dunham"
92,"tt0133240","2021-07-19","2021-07-19",NA,"Treasure Planet","https://www.imdb.com/title/tt0133240/","movie",7.1,95,2002,"Animation, Adventure, Family, Fantasy, Sci-Fi",115248,"2002-11-05","Ron Clements, John Musker"
93,"tt0111070","2021-07-19","2021-07-19",NA,"The Santa Clause","https://www.imdb.com/title/tt0111070/","movie",6.5,97,1994,"Comedy, Drama, Family, Fantasy",113949,"1994-11-11","John Pasquin"
94,"tt0103776","2021-07-19","2021-07-19",NA,"Batman Returns","https://www.imdb.com/title/tt0103776/","movie",7.1,126,1992,"Action, Crime, Fantasy",300304,"1992-06-16","Tim Burton"
95,"tt0120888","2021-07-19","2021-07-19",NA,"The Wedding Singer","https://www.imdb.com/title/tt0120888/","movie",6.9,97,1998,"Comedy, Music, Romance",148082,"1998-02-12","Frank Coraci"
96,"tt0120587","2021-07-19","2021-07-19",NA,"Antz","https://www.imdb.com/title/tt0120587/","movie",6.6,83,1998,"Animation, Adventure, Comedy, Family, Fantasy",153821,"1998-09-19","Tim Johnson, Eric Darnell"
97,"tt0101329","2021-07-19","2021-07-19",NA,"An American Tail: Fievel Goes West","https://www.imdb.com/title/tt0101329/","movie",6.4,75,1991,"Animation, Adventure, Family, Musical, Western",26117,"1991-11-17","Simon Wells, Phil Nibbelink"
98,"tt0413895","2021-07-19","2021-07-19",NA,"Charlotte's Web","https://www.imdb.com/title/tt0413895/","movie",6.3,97,2006,"Adventure, Comedy, Family, Fantasy",41508,"2006-12-07","Gary Winick"
99,"tt0120363","2021-07-19","2021-07-19",NA,"Toy Story 2","https://www.imdb.com/title/tt0120363/","movie",7.9,92,1999,"Animation, Adventure, Comedy, Family, Fantasy",567004,"1999-11-13","John Lasseter, Lee Unkrich, Ash Brannon"
100,"tt0122718","2021-07-19","2021-07-19",NA,"Small Soldiers","https://www.imdb.com/title/tt0122718/","movie",6.2,108,1998,"Action, Adventure, Comedy, Family, Sci-Fi",98503,"1998-07-10","Joe Dante"
101,"tt0142342","2021-07-19","2021-07-19",NA,"Big Daddy","https://www.imdb.com/title/tt0142342/","movie",6.4,93,1999,"Comedy, Drama",213697,"1999-06-17","Dennis Dugan"
102,"tt0109127","2021-07-19","2021-07-19",NA,"Angels in the Outfield","https://www.imdb.com/title/tt0109127/","movie",6.1,102,1994,"Comedy, Family, Fantasy, Sport",31875,"1994-07-10","William Dear"
103,"tt0113419","2021-07-19","2021-07-19",NA,"The Indian in the Cupboard","https://www.imdb.com/title/tt0113419/","movie",6,96,1995,"Drama, Family, Fantasy",28815,"1995-07-14","Frank Oz"
104,"tt0118655","2021-07-19","2021-07-19",NA,"Austin Powers: International Man of Mystery","https://www.imdb.com/title/tt0118655/","movie",7,94,1997,"Adventure, Comedy",236656,"1997-04-29","Jay Roach"
105,"tt0259446","2021-07-19","2021-07-19",NA,"My Big Fat Greek Wedding","https://www.imdb.com/title/tt0259446/","movie",6.6,95,2002,"Comedy, Drama, Romance",129896,"2002-02-22","Joel Zwick"
106,"tt0295178","2021-07-19","2021-07-19",NA,"Austin Powers in Goldmember","https://www.imdb.com/title/tt0295178/","movie",6.2,94,2002,"Action, Adventure, Comedy, Crime",207370,"2002-07-22","Jay Roach"
107,"tt0104254","2021-07-19","2021-07-19",NA,"FernGully: The Last Rainforest","https://www.imdb.com/title/tt0104254/","movie",6.5,76,1992,"Animation, Adventure, Family, Fantasy, Musical",30150,"1992-04-10","Bill Kroyer"
108,"tt0420223","2021-07-19","2021-07-19",NA,"Stranger Than Fiction","https://www.imdb.com/title/tt0420223/","movie",7.6,113,2006,"Comedy, Drama, Fantasy, Romance",227194,"2006-09-09","Marc Forster"
109,"tt0145660","2021-07-19","2021-07-19",NA,"Austin Powers: The Spy Who Shagged Me","https://www.imdb.com/title/tt0145660/","movie",6.6,95,1999,"Action, Adventure, Comedy, Crime",230247,"1999-06-08","Jay Roach"
110,"tt0104868","2021-07-19","2021-07-19",NA,"The Mighty Ducks","https://www.imdb.com/title/tt0104868/","movie",6.5,104,1992,"Comedy, Drama, Family, Sport",65661,"1992-09-20","Stephen Herek"
111,"tt0107985","2021-07-19","2021-07-19",NA,"Rookie of the Year","https://www.imdb.com/title/tt0107985/","movie",6,103,1993,"Comedy, Family, Fantasy, Sport",28065,"1993-07-07","Daniel Stern"
112,"tt0109520","2021-07-19","2021-07-19",NA,"D2: The Mighty Ducks","https://www.imdb.com/title/tt0109520/","movie",6,106,1994,"Comedy, Drama, Family, Sport",40255,"1994-03-25","Sam Weisman"
113,"tt0132347","2021-07-19","2021-07-19",NA,"Mystery Men","https://www.imdb.com/title/tt0132347/","movie",6.1,121,1999,"Action, Comedy, Fantasy, Sci-Fi",66924,"1999-07-22","Kinka Usher"
114,"tt0108333","2021-07-19","2021-07-19",NA,"The Three Musketeers","https://www.imdb.com/title/tt0108333/","movie",6.3,105,1993,"Action, Adventure, Comedy, Family, Romance",54640,"1993-11-12","Stephen Herek"
115,"tt0116329","2021-07-19","2021-07-19",NA,"Fly Away Home","https://www.imdb.com/title/tt0116329/","movie",6.9,107,1996,"Adventure, Drama, Family",25457,"1996-09-05","Carroll Ballard"
116,"tt0120118","2021-07-19","2021-07-19",NA,"Shiloh","https://www.imdb.com/title/tt0120118/","movie",6.3,93,1996,"Drama, Family",3473,"1996-11-08","Dale Rosenbloom"
117,"tt0310281","2021-07-19","2021-07-19",NA,"A Mighty Wind","https://www.imdb.com/title/tt0310281/","movie",7.2,91,2003,"Comedy, Music",27913,"2003-03-12","Christopher Guest"
118,"tt0106965","2021-07-19","2021-07-19",NA,"Free Willy","https://www.imdb.com/title/tt0106965/","movie",6,112,1993,"Adventure, Drama, Family",75477,"1993-07-16","Simon Wincer"
119,"tt0427327","2021-07-19","2021-07-19",NA,"Hairspray","https://www.imdb.com/title/tt0427327/","movie",6.7,117,2007,"Comedy, Drama, Musical, Romance",128756,"2007-07-10","Adam Shankman"
120,"tt0245686","2021-07-19","2021-07-19",NA,"Joe Dirt","https://www.imdb.com/title/tt0245686/","movie",5.9,91,2001,"Adventure, Comedy, Drama",56750,"2001-04-11","Dennie Gordon"
121,"tt0120791","2021-07-19","2021-07-19",NA,"Practical Magic","https://www.imdb.com/title/tt0120791/","movie",6.2,104,1998,"Comedy, Drama, Fantasy, Romance",80686,"1998-10-16","Griffin Dunne"
122,"tt0109279","2021-07-19","2021-07-19",NA,"Black Beauty","https://www.imdb.com/title/tt0109279/","movie",6.6,88,1994,"Adventure, Drama, Family, Romance",9981,"1994-07-29","Caroline Thompson"
123,"tt0204946","2021-07-19","2021-07-19",NA,"Bring It On","https://www.imdb.com/title/tt0204946/","movie",6.1,98,2000,"Comedy, Romance, Sport",95348,"2000-08-22","Peyton Reed"
124,"tt0220099","2021-07-19","2021-07-19",NA,"The Tigger Movie","https://www.imdb.com/title/tt0220099/","movie",6.3,77,2000,"Animation, Adventure, Comedy, Drama, Family, Musical",18852,"2000-02-06","Jun Falkenstein"
125,"tt0101272","2021-07-19","2021-07-19",NA,"The Addams Family","https://www.imdb.com/title/tt0101272/","movie",6.9,99,1991,"Comedy, Fantasy",151244,"1991-11-19","Barry Sonnenfeld"
126,"tt0451079","2021-07-19","2021-07-19",NA,"Horton Hears a Who!","https://www.imdb.com/title/tt0451079/","movie",6.8,86,2008,"Animation, Adventure, Comedy, Family, Fantasy, Music, Musical",138622,"2008-03-03","Jimmy Hayward, Steve Martino"
127,"tt0110527","2021-07-19","2021-07-19",NA,"Miracle on 34th Street","https://www.imdb.com/title/tt0110527/","movie",6.5,114,1994,"Family, Fantasy",36570,"1994-11-18","Les Mayfield"
128,"tt0368891","2021-07-19","2021-07-19",NA,"National Treasure","https://www.imdb.com/title/tt0368891/","movie",6.9,131,2004,"Action, Adventure, Mystery, Thriller",326387,"2004-11-08","Jon Turteltaub"
129,"tt0116996","2021-07-19","2021-07-19",NA,"Mars Attacks!","https://www.imdb.com/title/tt0116996/","movie",6.4,106,1996,"Comedy, Sci-Fi",224512,"1996-12-12","Tim Burton"
130,"tt0120616","2021-07-19","2021-07-19",NA,"The Mummy","https://www.imdb.com/title/tt0120616/","movie",7.1,124,1999,"Action, Adventure, Fantasy",420445,"1999-04-16","Stephen Sommers"
131,"tt0974661","2021-07-19","2021-07-19",NA,"17 Again","https://www.imdb.com/title/tt0974661/","movie",6.4,102,2009,"Comedy, Drama, Fantasy, Romance, Sport",197477,"2009-03-11","Burr Steers"
132,"tt0403508","2021-07-19","2021-07-19",NA,"The Sisterhood of the Traveling Pants","https://www.imdb.com/title/tt0403508/","movie",6.5,119,2005,"Comedy, Drama, Romance",59954,"2005-05-31","Ken Kwapis"
133,"tt0110475","2021-07-19","2021-07-19",NA,"The Mask","https://www.imdb.com/title/tt0110475/","movie",6.9,101,1994,"Action, Comedy, Crime, Fantasy",377139,"1994-07-28","Chuck Russell"
134,"tt0128853","2021-07-19","2021-07-19",NA,"You've Got Mail","https://www.imdb.com/title/tt0128853/","movie",6.7,119,1998,"Comedy, Drama, Romance",210215,"1998-12-18","Nora Ephron"
135,"tt0117887","2021-07-19","2021-07-19",NA,"That Thing You Do!","https://www.imdb.com/title/tt0117887/","movie",6.9,108,1996,"Comedy, Drama, Music",68314,"1996-04-04","Tom Hanks"
136,"tt0417741","2021-07-19","2021-07-19",NA,"Harry Potter and the Half-Blood Prince","https://www.imdb.com/title/tt0417741/","movie",7.6,153,2009,"Action, Adventure, Family, Fantasy, Mystery",529105,"2009-07-06","David Yates"
137,"tt0151738","2021-07-19","2021-07-19",NA,"Never Been Kissed","https://www.imdb.com/title/tt0151738/","movie",6,107,1999,"Comedy, Drama, Romance",89902,"1999-03-30","Raja Gosnell"
138,"tt0241527","2021-07-19","2021-07-19",NA,"Harry Potter and the Sorcerer's Stone","https://www.imdb.com/title/tt0241527/","movie",7.6,152,2001,"Adventure, Family, Fantasy",753763,"2001-11-04","Chris Columbus"
139,"tt0109040","2021-07-19","2021-07-19",NA,"Ace Ventura: Pet Detective","https://www.imdb.com/title/tt0109040/","movie",6.9,86,1994,"Comedy",296500,"1994-02-04","Tom Shadyac"
140,"tt0454945","2021-07-19","2021-07-19",NA,"She's the Man","https://www.imdb.com/title/tt0454945/","movie",6.3,105,2006,"Comedy, Romance, Sport",157129,"2006-03-08","Andy Fickman"
141,"tt0212338","2021-07-19","2021-07-19",NA,"Meet the Parents","https://www.imdb.com/title/tt0212338/","movie",7,108,2000,"Comedy, Romance",330076,"2000-10-06","Jay Roach"
142,"tt0286499","2021-07-19","2021-07-19",NA,"Bend It Like Beckham","https://www.imdb.com/title/tt0286499/","movie",6.7,112,2002,"Comedy, Drama, Romance, Sport",109899,"2002-04-11","Gurinder Chadha"
143,"tt0212346","2021-07-19","2021-07-19",NA,"Miss Congeniality","https://www.imdb.com/title/tt0212346/","movie",6.3,109,2000,"Action, Comedy, Crime, Romance",205484,"2000-12-14","Donald Petrie"
144,"tt0163651","2021-07-19","2021-07-19",NA,"American Pie","https://www.imdb.com/title/tt0163651/","movie",7,95,1999,"Comedy",399908,"1999-07-07","Paul Weitz, Chris Weitz"
145,"tt0118571","2021-07-19","2021-07-19",NA,"Air Force One","https://www.imdb.com/title/tt0118571/","movie",6.5,124,1997,"Action, Drama, Thriller",193375,"1997-07-21","Wolfgang Petersen"
146,"tt0330373","2021-07-19","2021-07-19",NA,"Harry Potter and the Goblet of Fire","https://www.imdb.com/title/tt0330373/","movie",7.7,157,2005,"Adventure, Family, Fantasy, Mystery",608747,"2005-11-06","Mike Newell"
147,"tt1981677","2021-07-19","2021-07-19",NA,"Pitch Perfect","https://www.imdb.com/title/tt1981677/","movie",7.1,112,2012,"Comedy, Music, Romance",300572,"2012-09-28","Jason Moore"
148,"tt0295297","2021-07-19","2021-07-19",NA,"Harry Potter and the Chamber of Secrets","https://www.imdb.com/title/tt0295297/","movie",7.4,161,2002,"Adventure, Family, Fantasy, Mystery",616219,"2002-11-03","Chris Columbus"
149,"tt0304141","2021-07-19","2021-07-19",NA,"Harry Potter and the Prisoner of Azkaban","https://www.imdb.com/title/tt0304141/","movie",7.9,142,2004,"Adventure, Family, Fantasy, Mystery",615507,"2004-05-23","Alfonso Cuarón"
150,"tt0373889","2021-07-19","2021-07-19",NA,"Harry Potter and the Order of the Phoenix","https://www.imdb.com/title/tt0373889/","movie",7.5,138,2007,"Action, Adventure, Family, Fantasy, Mystery",565144,"2007-06-28","David Yates"
151,"tt0926084","2021-07-19","2021-07-19",NA,"Harry Potter and the Deathly Hallows: Part 1","https://www.imdb.com/title/tt0926084/","movie",7.7,146,2010,"Adventure, Family, Fantasy, Mystery",532406,"2010-11-11","David Yates"
152,"tt0209163","2021-07-19","2021-07-19",NA,"The Mummy Returns","https://www.imdb.com/title/tt0209163/","movie",6.4,130,2001,"Action, Adventure, Fantasy, Thriller",319410,"2001-04-29","Stephen Sommers"
153,"tt1392170","2021-07-19","2021-07-19",NA,"The Hunger Games","https://www.imdb.com/title/tt1392170/","movie",7.2,142,2012,"Action, Adventure, Sci-Fi, Thriller",899429,"2012-03-12","Gary Ross"
154,"tt0800039","2021-07-19","2021-07-19",NA,"Forgetting Sarah Marshall","https://www.imdb.com/title/tt0800039/","movie",7.1,111,2008,"Comedy, Drama, Romance",281503,"2008-03-10","Nicholas Stoller"
155,"tt0120912","2021-07-19","2021-07-19",NA,"Men in Black II","https://www.imdb.com/title/tt0120912/","movie",6.1,88,2002,"Action, Adventure, Comedy, Mystery, Sci-Fi",367822,"2002-07-03","Barry Sonnenfeld"
156,"tt0113189","2021-07-19","2021-07-19",NA,"GoldenEye","https://www.imdb.com/title/tt0113189/","movie",7.2,130,1995,"Action, Adventure, Thriller",254312,"1995-11-13","Martin Campbell"
157,"tt0298148","2021-07-19","2021-07-19",NA,"Shrek 2","https://www.imdb.com/title/tt0298148/","movie",7.3,93,2004,"Animation, Adventure, Comedy, Family, Fantasy, Romance",452742,"2004-05-08","Conrad Vernon, Kelly Asbury, Andrew Adamson"
158,"tt0162222","2021-07-19","2021-07-19",NA,"Cast Away","https://www.imdb.com/title/tt0162222/","movie",7.8,143,2000,"Adventure, Drama, Romance",576916,"2000-12-07","Robert Zemeckis"
159,"tt4123430","2021-07-19","2021-07-19",NA,"Fantastic Beasts: The Crimes of Grindelwald","https://www.imdb.com/title/tt4123430/","movie",6.5,134,2018,"Adventure, Family, Fantasy",269503,"2018-11-08","David Yates"
160,"tt0119229","2021-07-19","2021-07-19",NA,"Grosse Pointe Blank","https://www.imdb.com/title/tt0119229/","movie",7.3,107,1997,"Action, Comedy, Crime, Romance, Thriller",94009,"1997-04-09","George Armitage"
161,"tt0266915","2021-07-19","2021-07-19",NA,"Rush Hour 2","https://www.imdb.com/title/tt0266915/","movie",6.6,90,2001,"Action, Comedy, Crime, Thriller",215598,"2001-07-26","Brett Ratner"
162,"tt0240890","2021-07-19","2021-07-19",NA,"Serendipity","https://www.imdb.com/title/tt0240890/","movie",6.8,90,2001,"Comedy, Romance",112231,"2001-09-13","Peter Chelsom"
163,"tt0333766","2021-07-19","2021-07-19",NA,"Garden State","https://www.imdb.com/title/tt0333766/","movie",7.4,102,2004,"Comedy, Drama, Romance",215295,"2004-01-16","Zach Braff"
164,"tt1409024","2021-07-19","2021-07-19",NA,"Men in Black 3","https://www.imdb.com/title/tt1409024/","movie",6.8,106,2012,"Action, Adventure, Comedy, Sci-Fi",356479,"2012-05-14","Barry Sonnenfeld"
165,"tt0396269","2021-07-19","2021-07-19",NA,"Wedding Crashers","https://www.imdb.com/title/tt0396269/","movie",7,119,2005,"Comedy, Romance",350898,"2005-07-13","David Dobkin"
166,"tt0240772","2021-07-19","2021-07-19",NA,"Ocean's Eleven","https://www.imdb.com/title/tt0240772/","movie",7.7,116,2001,"Crime, Thriller",559272,"2001-12-05","Steven Soderbergh"
167,"tt1022603","2021-07-19","2021-07-19",NA,"(500) Days of Summer","https://www.imdb.com/title/tt1022603/","movie",7.7,95,2009,"Comedy, Drama, Romance",503774,"2009-01-17","Marc Webb"
168,"tt0317219","2021-07-19","2021-07-19",NA,"Cars","https://www.imdb.com/title/tt0317219/","movie",7.2,117,2006,"Animation, Adventure, Comedy, Family, Sport",406997,"2006-03-14","John Lasseter, Joe Ranft"
169,"tt2848292","2021-07-19","2021-07-19",NA,"Pitch Perfect 2","https://www.imdb.com/title/tt2848292/","movie",6.4,115,2015,"Comedy, Music",154643,"2015-04-20","Elizabeth Banks"
170,"tt0795421","2021-07-19","2021-07-19",NA,"Mamma Mia!","https://www.imdb.com/title/tt0795421/","movie",6.4,108,2008,"Comedy, Musical, Romance",238531,"2008-06-30","Phyllida Lloyd"
171,"tt0317198","2021-07-19","2021-07-19",NA,"Bridget Jones: The Edge of Reason","https://www.imdb.com/title/tt0317198/","movie",5.9,108,2004,"Comedy, Drama, Romance",113322,"2004-10-28","Beeban Kidron"
172,"tt0256415","2021-07-19","2021-07-19",NA,"Sweet Home Alabama","https://www.imdb.com/title/tt0256415/","movie",6.2,108,2002,"Comedy, Romance",112070,"2002-09-20","Andy Tennant"
173,"tt0119528","2021-07-19","2021-07-19",NA,"Liar Liar","https://www.imdb.com/title/tt0119528/","movie",6.9,86,1997,"Comedy, Fantasy",303410,"1997-03-18","Tom Shadyac"
174,"tt0418279","2021-07-19","2021-07-19",NA,"Transformers","https://www.imdb.com/title/tt0418279/","movie",7,144,2007,"Action, Adventure, Sci-Fi",627637,"2007-06-12","Michael Bay"
175,"tt0362227","2021-07-19","2021-07-19",NA,"The Terminal","https://www.imdb.com/title/tt0362227/","movie",7.4,128,2004,"Comedy, Drama, Romance",447740,"2004-06-09","Steven Spielberg"
176,"tt2140373","2021-07-19","2021-07-19",NA,"Saving Mr. Banks","https://www.imdb.com/title/tt2140373/","movie",7.5,125,2013,"Biography, Comedy, Drama",160416,"2013-10-20","John Lee Hancock"
177,"tt0382625","2021-07-19","2021-07-19",NA,"The Da Vinci Code","https://www.imdb.com/title/tt0382625/","movie",6.6,149,2006,"Mystery, Thriller",426368,"2006-05-17","Ron Howard"
178,"tt1135503","2021-07-19","2021-07-19",NA,"Julie & Julia","https://www.imdb.com/title/tt1135503/","movie",7,123,2009,"Biography, Drama, Romance",117875,"2009-07-30","Nora Ephron"
179,"tt0472062","2021-07-19","2021-07-19",NA,"Charlie Wilson's War","https://www.imdb.com/title/tt0472062/","movie",7,102,2007,"Biography, Comedy, Drama, History",117500,"2007-12-10","Mike Nichols"
180,"tt0264464","2021-07-19","2021-07-19",NA,"Catch Me If You Can","https://www.imdb.com/title/tt0264464/","movie",8.1,141,2002,"Biography, Crime, Drama",941160,"2002-12-16","Steven Spielberg"
181,"tt1041829","2021-07-19","2021-07-19",NA,"The Proposal","https://www.imdb.com/title/tt1041829/","movie",6.7,108,2009,"Comedy, Drama, Romance",321984,"2009-06-01","Anne Fletcher"
182,"tt0112346","2021-07-19","2021-07-19",NA,"The American President","https://www.imdb.com/title/tt0112346/","movie",6.8,114,1995,"Comedy, Drama, Romance",57030,"1995-11-08","Rob Reiner"
183,"tt0414387","2021-07-19","2021-07-19",NA,"Pride & Prejudice","https://www.imdb.com/title/tt0414387/","movie",7.8,129,2005,"Drama, Romance",288282,"2005-07-25","Joe Wright"
184,"tt0325980","2021-07-19","2021-07-19",NA,"Pirates of the Caribbean: The Curse of the Black Pearl","https://www.imdb.com/title/tt0325980/","movie",8,143,2003,"Action, Adventure, Fantasy",1089606,"2003-06-28","Gore Verbinski"
185,"tt0478311","2021-07-19","2021-07-19",NA,"Knocked Up","https://www.imdb.com/title/tt0478311/","movie",6.9,129,2007,"Comedy, Romance",366181,"2007-03-12","Judd Apatow"
186,"tt0183505","2021-07-19","2021-07-19",NA,"Me, Myself & Irene","https://www.imdb.com/title/tt0183505/","movie",6.6,116,2000,"Comedy",235248,"2000-06-15","Bobby Farrelly, Peter Farrelly"
187,"tt1119646","2021-07-19","2021-07-19",NA,"The Hangover","https://www.imdb.com/title/tt1119646/","movie",7.7,100,2009,"Comedy",768355,"2009-05-30","Todd Phillips"
188,"tt0035423","2021-07-19","2021-07-19",NA,"Kate & Leopold","https://www.imdb.com/title/tt0035423/","movie",6.4,118,2001,"Comedy, Fantasy, Romance",83867,"2001-12-11","James Mangold"
189,"tt0454921","2021-07-19","2021-07-19",NA,"The Pursuit of Happyness","https://www.imdb.com/title/tt0454921/","movie",8,117,2006,"Biography, Drama",496586,"2006-12-15","Gabriele Muccino"
190,"tt4846340","2021-07-19","2021-07-19",NA,"Hidden Figures","https://www.imdb.com/title/tt4846340/","movie",7.8,127,2016,"Biography, Drama, History",223065,"2016-12-01","Theodore Melfi"
191,"tt0349903","2021-07-19","2021-07-19",NA,"Ocean's Twelve","https://www.imdb.com/title/tt0349903/","movie",6.4,125,2004,"Crime, Thriller",383545,"2004-12-08","Steven Soderbergh"
192,"tt0281358","2021-07-19","2021-07-19",NA,"A Walk to Remember","https://www.imdb.com/title/tt0281358/","movie",7.3,101,2002,"Drama, Romance",209050,"2002-01-23","Adam Shankman"
193,"tt0496806","2021-07-19","2021-07-19",NA,"Ocean's Thirteen","https://www.imdb.com/title/tt0496806/","movie",6.9,122,2007,"Crime, Thriller",341365,"2007-05-24","Steven Soderbergh"
194,"tt1306980","2021-07-19","2021-07-19",NA,"50/50","https://www.imdb.com/title/tt1306980/","movie",7.6,100,2011,"Comedy, Drama, Romance",327596,"2011-09-12","Jonathan Levine"
195,"tt0293508","2021-07-19","2021-07-19",NA,"The Phantom of the Opera","https://www.imdb.com/title/tt0293508/","movie",7.2,143,2004,"Drama, Musical, Romance, Thriller",121820,"2004-12-09","Joel Schumacher"
196,"tt1800241","2021-07-19","2021-07-19",NA,"American Hustle","https://www.imdb.com/title/tt1800241/","movie",7.2,138,2013,"Crime, Drama",472971,"2013-12-03","David O. Russell"
197,"tt1193138","2021-07-19","2021-07-19",NA,"Up in the Air","https://www.imdb.com/title/tt1193138/","movie",7.4,109,2009,"Comedy, Drama, Romance",331777,"2009-09-05","Jason Reitman"
198,"tt1951264","2021-07-19","2021-07-19",NA,"The Hunger Games: Catching Fire","https://www.imdb.com/title/tt1951264/","movie",7.5,146,2013,"Action, Adventure, Drama, Sci-Fi, Thriller",652092,"2013-11-11","Francis Lawrence"
199,"tt0381061","2021-07-19","2021-07-19",NA,"Casino Royale","https://www.imdb.com/title/tt0381061/","movie",8,144,2006,"Action, Adventure, Thriller",645544,"2006-11-14","Martin Campbell"
200,"tt1951265","2021-07-19","2021-07-19",NA,"The Hunger Games: Mockingjay - Part 1","https://www.imdb.com/title/tt1951265/","movie",6.6,123,2014,"Action, Adventure, Sci-Fi, Thriller",445865,"2014-11-10","Francis Lawrence"
201,"tt1951266","2021-07-19","2021-07-19",NA,"The Hunger Games: Mockingjay - Part 2","https://www.imdb.com/title/tt1951266/","movie",6.5,137,2015,"Action, Adventure, Sci-Fi, Thriller",317694,"2015-11-04","Francis Lawrence"
202,"tt0449088","2021-07-19","2021-07-19",NA,"Pirates of the Caribbean: At World's End","https://www.imdb.com/title/tt0449088/","movie",7.1,169,2007,"Action, Adventure, Fantasy",636136,"2007-05-19","Gore Verbinski"
203,"tt2802144","2021-07-19","2021-07-19",NA,"Kingsman: The Secret Service","https://www.imdb.com/title/tt2802144/","movie",7.7,129,2014,"Action, Adventure, Comedy, Thriller",653349,"2014-12-13","Matthew Vaughn"
204,"tt4649466","2021-07-19","2021-07-19",NA,"Kingsman: The Golden Circle","https://www.imdb.com/title/tt4649466/","movie",6.7,141,2017,"Action, Adventure, Comedy, Crime, Thriller",318347,"2017-09-20","Matthew Vaughn"
205,"tt1840309","2021-07-19","2021-07-19",NA,"Divergent","https://www.imdb.com/title/tt1840309/","movie",6.6,139,2014,"Action, Adventure, Mystery, Sci-Fi",452028,"2014-03-18","Neil Burger"
206,"tt1355644","2021-07-19","2021-07-19",NA,"Passengers","https://www.imdb.com/title/tt1355644/","movie",7,116,2016,"Drama, Romance, Sci-Fi, Thriller",392853,"2016-12-14","Morten Tyldum"
207,"tt1790864","2021-07-19","2021-07-19",NA,"The Maze Runner","https://www.imdb.com/title/tt1790864/","movie",6.8,113,2014,"Action, Mystery, Sci-Fi, Thriller",454723,"2014-09-11","Wes Ball"
208,"tt3890160","2021-07-19","2021-07-19",NA,"Baby Driver","https://www.imdb.com/title/tt3890160/","movie",7.6,113,2017,"Action, Crime, Drama, Music, Thriller",513842,"2017-03-11","Edgar Wright"
209,"tt1637725","2021-07-19","2021-07-19",NA,"Ted","https://www.imdb.com/title/tt1637725/","movie",6.9,106,2012,"Comedy",602624,"2012-06-29","Seth MacFarlane"
210,"tt2908446","2021-07-19","2021-07-19",NA,"Insurgent","https://www.imdb.com/title/tt2908446/","movie",6.2,119,2015,"Action, Adventure, Sci-Fi, Thriller",233684,"2015-03-11","Robert Schwentke"
211,"tt1229238","2021-07-19","2021-07-19",NA,"Mission: Impossible - Ghost Protocol","https://www.imdb.com/title/tt1229238/","movie",7.4,132,2011,"Action, Adventure, Thriller",481401,"2011-12-07","Brad Bird"
212,"tt1245526","2021-07-19","2021-07-19",NA,"RED","https://www.imdb.com/title/tt1245526/","movie",7,111,2010,"Action, Comedy, Crime, Thriller",305610,"2010-09-29","Robert Schwentke"
213,"tt0800369","2021-07-19","2021-07-19",NA,"Thor","https://www.imdb.com/title/tt0800369/","movie",7,115,2011,"Action, Adventure, Fantasy",819778,"2011-04-17","Kenneth Branagh"
214,"tt1431045","2021-07-19","2021-07-19",NA,"Deadpool","https://www.imdb.com/title/tt1431045/","movie",8,108,2016,"Action, Adventure, Comedy, Sci-Fi",999206,"2016-01-21","Tim Miller"
215,"tt0369610","2021-07-19","2021-07-19",NA,"Jurassic World","https://www.imdb.com/title/tt0369610/","movie",6.9,124,2015,"Action, Adventure, Sci-Fi",621370,"2015-05-29","Colin Trevorrow"
216,"tt1276104","2021-07-19","2021-07-19",NA,"Looper","https://www.imdb.com/title/tt1276104/","movie",7.4,119,2012,"Action, Drama, Sci-Fi, Thriller",567715,"2012-09-06","Rian Johnson"
217,"tt2103281","2021-07-19","2021-07-19",NA,"Dawn of the Planet of the Apes","https://www.imdb.com/title/tt2103281/","movie",7.6,130,2014,"Action, Adventure, Drama, Sci-Fi, Thriller",434495,"2014-06-26","Matt Reeves"
218,"tt0478970","2021-07-19","2021-07-19",NA,"Ant-Man","https://www.imdb.com/title/tt0478970/","movie",7.3,117,2015,"Action, Adventure, Comedy, Sci-Fi",643433,"2015-06-29","Peyton Reed"
219,"tt2381249","2021-07-19","2021-07-19",NA,"Mission: Impossible - Rogue Nation","https://www.imdb.com/title/tt2381249/","movie",7.4,131,2015,"Action, Adventure, Thriller",365168,"2015-07-23","Christopher McQuarrie"
220,"tt2820852","2021-07-19","2021-07-19",NA,"Fast & Furious 7","https://www.imdb.com/title/tt2820852/","movie",7.1,137,2015,"Action, Crime, Thriller",384281,"2015-03-16","James Wan"
221,"tt0234215","2021-07-19","2021-07-19",NA,"The Matrix Reloaded","https://www.imdb.com/title/tt0234215/","movie",7.2,138,2003,"Action, Sci-Fi",585429,"2003-05-07","Lilly Wachowski, Lana Wachowski"
222,"tt0120812","2021-07-19","2021-07-19",NA,"Rush Hour","https://www.imdb.com/title/tt0120812/","movie",7,98,1998,"Action, Comedy, Crime, Thriller",261922,"1998-09-18","Brett Ratner"
223,"tt1300854","2021-07-19","2021-07-19",NA,"Iron Man Three","https://www.imdb.com/title/tt1300854/","movie",7.1,130,2013,"Action, Adventure, Sci-Fi",827133,"2013-04-14","Shane Black"
224,"tt1399103","2021-07-19","2021-07-19",NA,"Transformers: Dark of the Moon","https://www.imdb.com/title/tt1399103/","movie",6.2,154,2011,"Action, Adventure, Sci-Fi",403102,"2011-06-23","Michael Bay"
225,"tt0246460","2021-07-19","2021-07-19",NA,"Die Another Day","https://www.imdb.com/title/tt0246460/","movie",6.1,133,2002,"Action, Adventure, Thriller",217488,"2002-11-11","Lee Tamahori"
226,"tt4046784","2021-07-19","2021-07-19",NA,"Maze Runner: The Scorch Trials","https://www.imdb.com/title/tt4046784/","movie",6.3,131,2015,"Action, Adventure, Sci-Fi, Thriller",244255,"2015-09-01","Wes Ball"
227,"tt1055369","2021-07-19","2021-07-19",NA,"Transformers: Revenge of the Fallen","https://www.imdb.com/title/tt1055369/","movie",5.9,149,2009,"Action, Adventure, Sci-Fi",403106,"2009-06-08","Michael Bay"
228,"tt1637688","2021-07-19","2021-07-19",NA,"In Time","https://www.imdb.com/title/tt1637688/","movie",6.7,109,2011,"Action, Sci-Fi, Thriller",403452,"2011-10-20","Andrew Niccol"
229,"tt0120347","2021-07-19","2021-07-19",NA,"Tomorrow Never Dies","https://www.imdb.com/title/tt0120347/","movie",6.5,119,1997,"Action, Adventure, Thriller",192584,"1997-12-09","Roger Spottiswoode"
230,"tt1596350","2021-07-19","2021-07-19",NA,"This Means War","https://www.imdb.com/title/tt1596350/","movie",6.3,103,2012,"Action, Comedy, Romance",185275,"2012-01-30","McG"
231,"tt1663662","2021-07-19","2021-07-19",NA,"Pacific Rim","https://www.imdb.com/title/tt1663662/","movie",6.9,131,2013,"Action, Adventure, Sci-Fi",493863,"2013-07-01","Guillermo del Toro"
232,"tt0181689","2021-07-19","2021-07-19",NA,"Minority Report","https://www.imdb.com/title/tt0181689/","movie",7.7,145,2002,"Action, Crime, Mystery, Sci-Fi, Thriller",540769,"2002-06-17","Steven Spielberg"
233,"tt5095030","2021-07-19","2021-07-19",NA,"Ant-Man and the Wasp","https://www.imdb.com/title/tt5095030/","movie",7,118,2018,"Action, Adventure, Comedy, Sci-Fi",380794,"2018-06-25","Peyton Reed"
234,"tt4701182","2021-07-19","2021-07-19",NA,"Bumblebee","https://www.imdb.com/title/tt4701182/","movie",6.7,114,2018,"Action, Adventure, Sci-Fi",160009,"2018-12-03","Travis Knight"
235,"tt3606756","2021-07-19","2021-07-19",NA,"Incredibles 2","https://www.imdb.com/title/tt3606756/","movie",7.6,118,2018,"Animation, Action, Adventure, Comedy, Family, Sci-Fi",286153,"2018-06-05","Brad Bird"
236,"tt1228705","2021-07-19","2021-07-19",NA,"Iron Man 2","https://www.imdb.com/title/tt1228705/","movie",6.9,124,2010,"Action, Adventure, Sci-Fi",794548,"2010-04-26","Jon Favreau"
237,"tt0117060","2021-07-19","2021-07-19",NA,"Mission: Impossible","https://www.imdb.com/title/tt0117060/","movie",7.1,110,1996,"Action, Adventure, Thriller",415097,"1996-05-20","Brian De Palma"
238,"tt4912910","2021-07-19","2021-07-19",NA,"Mission: Impossible - Fallout","https://www.imdb.com/title/tt4912910/","movie",7.7,147,2018,"Action, Adventure, Thriller",322000,"2018-07-12","Christopher McQuarrie"
239,"tt0120755","2021-07-19","2021-07-19",NA,"Mission: Impossible II","https://www.imdb.com/title/tt0120755/","movie",6.1,123,2000,"Action, Adventure, Thriller",335029,"2000-05-18","John Woo"
240,"tt0317919","2021-07-19","2021-07-19",NA,"Mission: Impossible III","https://www.imdb.com/title/tt0317919/","movie",6.9,126,2006,"Action, Adventure, Thriller",350001,"2006-04-24","J.J. Abrams"
241,"tt0317740","2021-07-19","2021-07-19",NA,"The Italian Job","https://www.imdb.com/title/tt0317740/","movie",7,111,2003,"Action, Crime, Thriller",362848,"2003-05-30","F. Gary Gray"
242,"tt0112442","2021-07-19","2021-07-19",NA,"Bad Boys","https://www.imdb.com/title/tt0112442/","movie",6.8,119,1995,"Action, Comedy, Crime, Thriller",260216,"1995-04-06","Michael Bay"
243,"tt0172156","2021-07-19","2021-07-19",NA,"Bad Boys II","https://www.imdb.com/title/tt0172156/","movie",6.6,147,2003,"Action, Comedy, Crime, Thriller",247258,"2003-07-09","Michael Bay"
244,"tt0145487","2021-07-19","2021-07-19",NA,"Spider-Man","https://www.imdb.com/title/tt0145487/","movie",7.4,121,2002,"Action, Adventure, Sci-Fi",796662,"2002-04-30","Sam Raimi"
245,"tt1981115","2021-07-19","2021-07-19",NA,"Thor: The Dark World","https://www.imdb.com/title/tt1981115/","movie",6.8,112,2013,"Action, Adventure, Fantasy",659845,"2013-10-22","Alan Taylor"
246,"tt3076658","2021-07-19","2021-07-19",NA,"Creed","https://www.imdb.com/title/tt3076658/","movie",7.6,133,2015,"Action, Drama, Sport",267745,"2015-11-19","Ryan Coogler"
247,"tt0242653","2021-07-19","2021-07-19",NA,"The Matrix Revolutions","https://www.imdb.com/title/tt0242653/","movie",6.7,129,2003,"Action, Sci-Fi",505272,"2003-10-27","Lilly Wachowski, Lana Wachowski"
248,"tt3896198","2021-07-19","2021-07-19",NA,"Guardians of the Galaxy Vol. 2","https://www.imdb.com/title/tt3896198/","movie",7.6,136,2017,"Action, Adventure, Comedy, Sci-Fi",652380,"2017-04-10","James Gunn"
249,"tt3501632","2021-07-19","2021-07-19",NA,"Thor: Ragnarok","https://www.imdb.com/title/tt3501632/","movie",7.9,130,2017,"Action, Adventure, Comedy, Fantasy, Sci-Fi",701679,"2017-10-10","Taika Waititi"
250,"tt2395427","2021-07-19","2021-07-19",NA,"Avengers: Age of Ultron","https://www.imdb.com/title/tt2395427/","movie",7.3,141,2015,"Action, Adventure, Sci-Fi",834891,"2015-04-13","Joss Whedon"
251,"tt2250912","2021-07-19","2021-07-19",NA,"Spider-Man: Homecoming","https://www.imdb.com/title/tt2250912/","movie",7.4,133,2017,"Action, Adventure, Sci-Fi",630061,"2017-06-28","Jon Watts"
252,"tt0848228","2021-07-19","2021-07-19",NA,"The Avengers","https://www.imdb.com/title/tt0848228/","movie",8,143,2012,"Action, Adventure, Sci-Fi",1356879,"2012-04-11","Joss Whedon"
253,"tt0371746","2021-07-19","2021-07-19",NA,"Iron Man","https://www.imdb.com/title/tt0371746/","movie",7.9,126,2008,"Action, Adventure, Sci-Fi",1029057,"2008-04-14","Jon Favreau"
254,"tt3498820","2021-07-19","2021-07-19",NA,"Captain America: Civil War","https://www.imdb.com/title/tt3498820/","movie",7.8,147,2016,"Action, Adventure, Sci-Fi",756256,"2016-04-12","Anthony Russo, Joe Russo"
255,"tt0800080","2021-07-19","2021-07-19",NA,"The Incredible Hulk","https://www.imdb.com/title/tt0800080/","movie",6.6,112,2008,"Action, Adventure, Sci-Fi",478371,"2008-06-06","Louis Leterrier"
256,"tt5463162","2021-07-19","2021-07-19",NA,"Deadpool 2","https://www.imdb.com/title/tt5463162/","movie",7.7,119,2018,"Action, Adventure, Comedy, Sci-Fi",555550,"2018-05-01","David Leitch"
257,"tt4154756","2021-07-19","2021-07-19",NA,"Avengers: Infinity War","https://www.imdb.com/title/tt4154756/","movie",8.4,149,2018,"Action, Adventure, Sci-Fi",1018061,"2018-04-23","Anthony Russo, Joe Russo"
258,"tt0458339","2021-07-19","2021-07-19",NA,"Captain America: The First Avenger","https://www.imdb.com/title/tt0458339/","movie",6.9,124,2011,"Action, Adventure, Sci-Fi",820992,"2011-07-19","Joe Johnston"
259,"tt1502397","2021-07-19","2021-07-19",NA,"Bad Boys for Life","https://www.imdb.com/title/tt1502397/","movie",6.5,124,2020,"Action, Comedy, Crime, Thriller",156035,"2020-01-07","Bilall Fallah, Adil El Arbi"
260,"tt0451279","2021-07-19","2021-07-19",NA,"Wonder Woman","https://www.imdb.com/title/tt0451279/","movie",7.4,141,2017,"Action, Adventure, Fantasy, Sci-Fi, War",639073,"2017-05-15","Patty Jenkins"
261,"tt0290334","2021-07-19","2021-07-19",NA,"X2","https://www.imdb.com/title/tt0290334/","movie",7.4,134,2003,"Action, Sci-Fi, Thriller",541717,"2003-04-24","Bryan Singer"
262,"tt0770828","2021-07-19","2021-07-19",NA,"Man of Steel","https://www.imdb.com/title/tt0770828/","movie",7.1,143,2013,"Action, Adventure, Sci-Fi",755083,"2013-06-10","Zack Snyder"
263,"tt1201607","2021-07-19","2021-07-19",NA,"Harry Potter and the Deathly Hallows: Part 2","https://www.imdb.com/title/tt1201607/","movie",8.1,130,2011,"Adventure, Fantasy, Mystery",847768,"2011-07-07","David Yates"
264,"tt0463985","2021-07-19","2021-07-19",NA,"The Fast and the Furious: Tokyo Drift","https://www.imdb.com/title/tt0463985/","movie",6,104,2006,"Action, Crime, Thriller",266334,"2006-06-04","Justin Lin"
265,"tt0413300","2021-07-19","2021-07-19",NA,"Spider-Man 3","https://www.imdb.com/title/tt0413300/","movie",6.2,139,2007,"Action, Adventure, Sci-Fi",574763,"2007-04-03","Sam Raimi"
266,"tt0948470","2021-07-19","2021-07-19",NA,"The Amazing Spider-Man","https://www.imdb.com/title/tt0948470/","movie",6.9,136,2012,"Action, Adventure, Sci-Fi",640101,"2012-06-13","Marc Webb"
267,"tt0293564","2021-07-19","2021-07-19",NA,"Rush Hour 3","https://www.imdb.com/title/tt0293564/","movie",6.2,91,2007,"Action, Comedy, Crime, Thriller",165265,"2007-07-30","Brett Ratner"
268,"tt3748528","2021-07-19","2021-07-19",NA,"Rogue One","https://www.imdb.com/title/tt3748528/","movie",7.8,133,2016,"Action, Adventure, Sci-Fi",607544,"2016-12-10","Gareth Edwards"
269,"tt2527336","2021-07-19","2021-07-19",NA,"Star Wars: Episode VIII - The Last Jedi","https://www.imdb.com/title/tt2527336/","movie",6.9,152,2017,"Action, Adventure, Fantasy, Sci-Fi",613127,"2017-12-09","Rian Johnson"
270,"tt2527338","2021-07-19","2021-07-19",NA,"Star Wars: Episode IX - The Rise of Skywalker","https://www.imdb.com/title/tt2527338/","movie",6.5,141,2019,"Action, Adventure, Fantasy, Sci-Fi",431163,"2019-12-16","J.J. Abrams"
271,"tt0121766","2021-07-19","2021-07-19",NA,"Star Wars: Episode III - Revenge of the Sith","https://www.imdb.com/title/tt0121766/","movie",7.6,140,2005,"Action, Adventure, Fantasy, Sci-Fi",766036,"2005-05-12","George Lucas"
272,"tt0120915","2021-07-19","2021-07-19",NA,"Star Wars: Episode I - The Phantom Menace","https://www.imdb.com/title/tt0120915/","movie",6.5,136,1999,"Action, Adventure, Fantasy, Sci-Fi",782635,"1999-05-16","George Lucas"
273,"tt0121765","2021-07-19","2021-07-19",NA,"Star Wars: Episode II - Attack of the Clones","https://www.imdb.com/title/tt0121765/","movie",6.6,142,2002,"Action, Adventure, Fantasy, Sci-Fi",690766,"2002-05-12","George Lucas"
274,"tt0974015","2021-07-19","2021-07-19",NA,"Justice League","https://www.imdb.com/title/tt0974015/","movie",6.1,120,2017,"Action, Adventure, Fantasy, Sci-Fi",442905,"2017-10-26","Zack Snyder"
275,"tt6105098","2021-07-19","2021-07-19",NA,"The Lion King","https://www.imdb.com/title/tt6105098/","movie",6.8,118,2019,"Animation, Adventure, Drama, Family, Musical",238209,"2019-07-09","Jon Favreau"
276,"tt8946378","2021-07-19","2021-07-19",NA,"Knives Out","https://www.imdb.com/title/tt8946378/","movie",7.9,130,2019,"Comedy, Crime, Drama, Mystery, Thriller",591666,"2019-09-07","Rian Johnson"
277,"tt0167261","2021-07-19","2021-07-19",NA,"The Lord of the Rings: The Two Towers","https://www.imdb.com/title/tt0167261/","movie",8.8,179,2002,"Action, Adventure, Drama, Fantasy",1608178,"2002-12-05","Peter Jackson"
278,"tt0266697","2021-07-19","2021-07-19",NA,"Kill Bill: Vol. 1","https://www.imdb.com/title/tt0266697/","movie",8.2,111,2003,"Action, Crime, Drama, Thriller",1085810,"2003-09-29","Quentin Tarantino"
279,"tt0378194","2021-07-19","2021-07-19",NA,"Kill Bill: Vol. 2","https://www.imdb.com/title/tt0378194/","movie",8,137,2004,"Action, Crime, Thriller",738242,"2004-04-08","Quentin Tarantino"
280,"tt0434409","2021-07-19","2021-07-19",NA,"V for Vendetta","https://www.imdb.com/title/tt0434409/","movie",8.2,132,2005,"Action, Drama, Sci-Fi, Thriller",1100320,"2005-12-11","James McTeigue"
281,"tt0167404","2021-07-19","2021-07-19",NA,"The Sixth Sense","https://www.imdb.com/title/tt0167404/","movie",8.2,107,1999,"Drama, Mystery, Thriller",970298,"1999-08-02","M. Night Shyamalan"
282,"tt0401792","2021-07-19","2021-07-19",NA,"Sin City","https://www.imdb.com/title/tt0401792/","movie",8,124,2005,"Crime, Thriller",760887,"2005-03-28","Frank Miller, Quentin Tarantino, Robert Rodriguez"
283,"tt0758758","2021-07-19","2021-07-19",NA,"Into the Wild","https://www.imdb.com/title/tt0758758/","movie",8.1,148,2007,"Adventure, Biography, Drama",612856,"2007-09-01","Sean Penn"
284,"tt0246578","2021-07-19","2021-07-19",NA,"Donnie Darko","https://www.imdb.com/title/tt0246578/","movie",8,113,2001,"Drama, Mystery, Sci-Fi, Thriller",785055,"2001-01-19","Richard Kelly"
285,"tt0395169","2021-07-19","2021-07-19",NA,"Hotel Rwanda","https://www.imdb.com/title/tt0395169/","movie",8.1,121,2004,"Biography, Drama, History, War",351437,"2004-09-11","Terry George"
286,"tt0206634","2021-07-19","2021-07-19",NA,"Children of Men","https://www.imdb.com/title/tt0206634/","movie",7.9,109,2006,"Action, Drama, Sci-Fi, Thriller",492632,"2006-09-03","Alfonso Cuarón"
287,"tt0780504","2021-07-19","2021-07-19",NA,"Drive","https://www.imdb.com/title/tt0780504/","movie",7.8,100,2011,"Action, Drama",619428,"2011-05-20","Nicolas Winding Refn"
288,"tt0443543","2021-07-19","2021-07-19",NA,"The Illusionist","https://www.imdb.com/title/tt0443543/","movie",7.6,110,2006,"Drama, Fantasy, Mystery, Romance, Thriller",369154,"2006-01-22","Neil Burger"
289,"tt1028528","2021-07-19","2021-07-19",NA,"Death Proof","https://www.imdb.com/title/tt1028528/","movie",7,127,2007,"Action, Thriller",286909,"2007-05-22","Quentin Tarantino"
290,"tt3460252","2021-07-19","2021-07-19",NA,"The Hateful Eight","https://www.imdb.com/title/tt3460252/","movie",7.8,168,2015,"Crime, Drama, Mystery, Thriller, Western",579785,"2015-12-07","Quentin Tarantino"
291,"tt1077258","2021-07-19","2021-07-19",NA,"Planet Terror","https://www.imdb.com/title/tt1077258/","movie",7.1,105,2007,"Action, Comedy, Fantasy, Horror, Romance, Sci-Fi, Thriller",209014,"2007-04-06","Robert Rodriguez"
292,"tt0462322","2021-07-19","2021-07-19",NA,"Grindhouse","https://www.imdb.com/title/tt0462322/","movie",7.5,191,2007,"Action, Horror, Thriller",183738,"2007-03-26","Edgar Wright, Quentin Tarantino, Rob Zombie, Robert Rodriguez, Eli Roth"
293,"tt0425112","2021-07-19","2021-07-19",NA,"Hot Fuzz","https://www.imdb.com/title/tt0425112/","movie",7.8,121,2007,"Action, Comedy, Mystery, Thriller",496740,"2007-02-13","Edgar Wright"
294,"tt0259711","2021-07-19","2021-07-19",NA,"Vanilla Sky","https://www.imdb.com/title/tt0259711/","movie",6.9,136,2001,"Fantasy, Mystery, Romance, Sci-Fi, Thriller",262147,"2001-12-10","Cameron Crowe"
295,"tt0337978","2021-07-19","2021-07-19",NA,"Live Free or Die Hard","https://www.imdb.com/title/tt0337978/","movie",7.1,128,2007,"Action, Thriller",403123,"2007-06-12","Len Wiseman"
296,"tt1821694","2021-07-19","2021-07-19",NA,"RED 2","https://www.imdb.com/title/tt1821694/","movie",6.6,116,2013,"Action, Adventure, Comedy, Crime, Thriller",169708,"2013-07-18","Dean Parisot"
297,"tt0367882","2021-07-19","2021-07-19",NA,"Indiana Jones and the Kingdom of the Crystal Skull","https://www.imdb.com/title/tt0367882/","movie",6.1,122,2008,"Action, Adventure",448089,"2008-05-18","Steven Spielberg"
298,"tt5033998","2021-07-19","2021-07-19",NA,"Charlie's Angels","https://www.imdb.com/title/tt5033998/","movie",4.9,118,2019,"Action, Adventure, Comedy",71133,"2019-11-11","Elizabeth Banks"
299,"tt7040874","2021-07-19","2021-07-19",NA,"A Simple Favor","https://www.imdb.com/title/tt7040874/","movie",6.8,117,2018,"Comedy, Crime, Mystery, Thriller",146003,"2018-09-10","Paul Feig"
300,"tt1293847","2021-07-19","2021-07-19",NA,"xXx: Return of Xander Cage","https://www.imdb.com/title/tt1293847/","movie",5.2,107,2017,"Action, Adventure, Comedy, Thriller",91329,"2017-01-05","D.J. Caruso"
301,"tt0118688","2021-07-19","2021-07-19",NA,"Batman & Robin","https://www.imdb.com/title/tt0118688/","movie",3.7,125,1997,"Action, Sci-Fi",250483,"1997-06-12","Joel Schumacher"
302,"tt8332922","2021-07-19","2021-07-19",NA,"A Quiet Place Part II","https://www.imdb.com/title/tt8332922/","movie",7.2,97,2020,"Drama, Horror, Sci-Fi, Thriller",209534,"2020-03-08","John Krasinski"
303,"tt0119567","2021-07-19","2021-07-19",NA,"The Lost World: Jurassic Park","https://www.imdb.com/title/tt0119567/","movie",6.5,129,1997,"Action, Adventure, Sci-Fi",406757,"1997-05-19","Steven Spielberg"
304,"tt1408101","2021-07-19","2021-07-19",NA,"Star Trek Into Darkness","https://www.imdb.com/title/tt1408101/","movie",7.7,132,2013,"Action, Adventure, Sci-Fi",479783,"2013-05-02","J.J. Abrams"
305,"tt1454468","2021-07-19","2021-07-19",NA,"Gravity","https://www.imdb.com/title/tt1454468/","movie",7.7,91,2013,"Action, Drama, Sci-Fi, Thriller",812682,"2013-08-28","Alfonso Cuarón"
306,"tt1371111","2021-07-19","2021-07-19",NA,"Cloud Atlas","https://www.imdb.com/title/tt1371111/","movie",7.4,172,2012,"Drama, Mystery, Sci-Fi",359785,"2012-09-08","Lilly Wachowski, Lana Wachowski, Tom Tykwer"
307,"tt1276104","2021-07-19","2021-07-19",NA,"Looper","https://www.imdb.com/title/tt1276104/","movie",7.4,119,2012,"Action, Drama, Sci-Fi, Thriller",567715,"2012-09-06","Rian Johnson"
308,"tt0448134","2021-07-19","2021-07-19",NA,"Sunshine","https://www.imdb.com/title/tt0448134/","movie",7.2,107,2007,"Sci-Fi, Thriller",247382,"2007-03-23","Danny Boyle"
309,"tt0111282","2021-07-19","2021-07-19",NA,"Stargate","https://www.imdb.com/title/tt0111282/","movie",7,116,1994,"Action, Adventure, Sci-Fi",188323,"1994-10-28","Roland Emmerich"
310,"tt1213663","2021-07-19","2021-07-19",NA,"The World's End","https://www.imdb.com/title/tt1213663/","movie",6.9,109,2013,"Action, Comedy, Sci-Fi",277337,"2013-07-10","Edgar Wright"
311,"tt0120804","2021-07-19","2021-07-19",NA,"Resident Evil","https://www.imdb.com/title/tt0120804/","movie",6.6,100,2002,"Action, Horror, Sci-Fi",266120,"2002-03-12","Paul W.S. Anderson"
312,"tt0286106","2021-07-19","2021-07-19",NA,"Signs","https://www.imdb.com/title/tt0286106/","movie",6.8,106,2002,"Drama, Mystery, Sci-Fi, Thriller",357560,"2002-07-29","M. Night Shyamalan"
313,"tt0114168","2021-07-19","2021-07-19",NA,"Powder","https://www.imdb.com/title/tt0114168/","movie",6.6,111,1995,"Drama, Fantasy, Mystery, Thriller",30224,"1995-10-01","Victor Salva"
314,"tt0120913","2021-07-19","2021-07-19",NA,"Titan A.E.","https://www.imdb.com/title/tt0120913/","movie",6.6,94,2000,"Animation, Action, Adventure, Family, Sci-Fi",61015,"2000-06-13","Don Bluth, Gary Goldman"
315,"tt3794354","2021-07-19","2021-07-19",NA,"Sonic the Hedgehog","https://www.imdb.com/title/tt3794354/","movie",6.5,99,2020,"Action, Adventure, Comedy, Family, Fantasy, Sci-Fi",129884,"2020-01-25","Jeff Fowler"
316,"tt0114898","2021-07-19","2021-07-19",NA,"Waterworld","https://www.imdb.com/title/tt0114898/","movie",6.2,135,1995,"Action, Adventure, Sci-Fi",193894,"1995-07-28","Kevin Reynolds"
317,"tt0120053","2021-07-19","2021-07-19",NA,"The Saint","https://www.imdb.com/title/tt0120053/","movie",6.2,116,1997,"Action, Adventure, Romance, Sci-Fi, Thriller",67732,"1997-04-03","Phillip Noyce"
318,"tt0251075","2021-07-19","2021-07-19",NA,"Evolution","https://www.imdb.com/title/tt0251075/","movie",6.1,101,2001,"Comedy, Sci-Fi",127999,"2001-06-08","Ivan Reitman"
319,"tt0120184","2021-07-19","2021-07-19",NA,"Sphere","https://www.imdb.com/title/tt0120184/","movie",6.1,134,1998,"Action, Mystery, Sci-Fi, Thriller",105956,"1998-02-11","Barry Levinson"
320,"tt7605074","2021-07-19","2021-07-19",NA,"Liu lang di qiu","https://www.imdb.com/title/tt7605074/","movie",5.9,125,2019,"Action, Adventure, Sci-Fi, Thriller",30137,"2019-02-05","Frant Gwo"
321,"tt0779982","2021-07-19","2021-07-19",NA,"Black Sheep","https://www.imdb.com/title/tt0779982/","movie",5.8,87,2006,"Comedy, Horror, Sci-Fi",40595,"2006-09-10","Jonathan King"
322,"tt0307987","2021-07-19","2021-07-19",NA,"Bad Santa","https://www.imdb.com/title/tt0307987/","movie",7.1,92,2003,"Comedy, Crime, Drama",143047,"2003-11-18","Terry Zwigoff"
323,"tt0304669","2021-07-19","2021-07-19",NA,"The Santa Clause 2","https://www.imdb.com/title/tt0304669/","movie",5.7,104,2002,"Comedy, Family, Fantasy",56554,"2002-10-27","Michael Lembeck"
324,"tt0452681","2021-07-19","2021-07-19",NA,"The Santa Clause 3: The Escape Clause","https://www.imdb.com/title/tt0452681/","movie",4.7,97,2006,"Adventure, Comedy, Family, Fantasy",37156,"2006-11-02","Michael Lembeck"
325,"tt0160862","2021-07-19","2021-07-19",NA,"She's All That","https://www.imdb.com/title/tt0160862/","movie",5.9,95,1999,"Comedy, Romance",95116,"1999-01-19","Robert Iscove"
326,"tt1001508","2021-07-19","2021-07-19",NA,"He's Just Not That Into You","https://www.imdb.com/title/tt1001508/","movie",6.4,129,2009,"Comedy, Drama, Romance",170897,"2009-01-24","Ken Kwapis"
327,"tt0290002","2021-07-19","2021-07-19",NA,"Meet the Fockers","https://www.imdb.com/title/tt0290002/","movie",6.3,115,2004,"Comedy, Romance",267801,"2004-12-16","Jay Roach"
328,"tt0265208","2021-07-19","2021-07-19",NA,"The Girl Next Door","https://www.imdb.com/title/tt0265208/","movie",6.7,109,2004,"Comedy, Drama, Romance",221749,"2004-02-18","Luke Greenfield"
329,"tt1093908","2021-07-19","2021-07-19",NA,"Confessions of a Shopaholic","https://www.imdb.com/title/tt1093908/","movie",5.8,104,2009,"Comedy, Romance",78028,"2009-02-05","P.J. Hogan"
330,"tt0286788","2021-07-19","2021-07-19",NA,"What a Girl Wants","https://www.imdb.com/title/tt0286788/","movie",5.8,105,2003,"Comedy, Drama, Family, Romance",62868,"2003-03-27","Dennie Gordon"
331,"tt0337741","2021-07-19","2021-07-19",NA,"Something's Gotta Give","https://www.imdb.com/title/tt0337741/","movie",6.7,128,2003,"Comedy, Drama, Romance",120795,"2003-12-03","Nancy Meyers"
332,"tt0305711","2021-07-19","2021-07-19",NA,"Just Married","https://www.imdb.com/title/tt0305711/","movie",5.4,95,2003,"Comedy, Romance",70724,"2003-01-08","Shawn Levy"
333,"tt1120985","2021-07-19","2021-07-19",NA,"Blue Valentine","https://www.imdb.com/title/tt1120985/","movie",7.4,112,2010,"Drama, Romance",195129,"2010-01-24","Derek Cianfrance"
334,"tt0372532","2021-07-19","2021-07-19",NA,"The Wedding Date","https://www.imdb.com/title/tt0372532/","movie",6.1,90,2005,"Comedy, Romance",51946,"2005-01-27","Clare Kilner"
335,"tt0209475","2021-07-19","2021-07-19",NA,"The Wedding Planner","https://www.imdb.com/title/tt0209475/","movie",5.3,103,2001,"Comedy, Romance",80585,"2001-01-26","Adam Shankman"
336,"tt0417001","2021-07-19","2021-07-19",NA,"Must Love Dogs","https://www.imdb.com/title/tt0417001/","movie",5.9,98,2005,"Comedy, Romance",31893,"2005-07-21","Gary David Goldberg"
337,"tt1758830","2021-07-19","2021-07-19",NA,"This Is 40","https://www.imdb.com/title/tt1758830/","movie",6.2,134,2012,"Comedy, Drama, Romance",138171,"2012-12-20","Judd Apatow"
338,"tt1195478","2021-07-19","2021-07-19",NA,"The Five-Year Engagement","https://www.imdb.com/title/tt1195478/","movie",6.2,124,2012,"Comedy, Drama, Romance",98432,"2012-04-18","Nicholas Stoller"
339,"tt0215129","2021-07-19","2021-07-19",NA,"Road Trip","https://www.imdb.com/title/tt0215129/","movie",6.5,93,2000,"Comedy",168034,"2000-05-11","Todd Phillips"
340,"tt0335559","2021-07-19","2021-07-19",NA,"Win a Date with Tad Hamilton!","https://www.imdb.com/title/tt0335559/","movie",5.6,96,2004,"Comedy, Romance",27928,"2004-01-09","Robert Luketic"
341,"tt0134119","2021-07-19","2021-07-19",NA,"The Talented Mr. Ripley","https://www.imdb.com/title/tt0134119/","movie",7.4,139,1999,"Crime, Drama, Thriller",205634,"1999-12-12","Anthony Minghella"
342,"tt0120689","2021-07-19","2021-07-19",NA,"The Green Mile","https://www.imdb.com/title/tt0120689/","movie",8.6,189,1999,"Crime, Drama, Fantasy, Mystery",1259882,"1999-12-06","Frank Darabont"
343,"tt0120780","2021-07-19","2021-07-19",NA,"Out of Sight","https://www.imdb.com/title/tt0120780/","movie",7,123,1998,"Comedy, Crime, Drama, Romance, Thriller",91746,"1998-06-26","Steven Soderbergh"
344,"tt0119643","2021-07-19","2021-07-19",NA,"Meet Joe Black","https://www.imdb.com/title/tt0119643/","movie",7.2,178,1998,"Drama, Fantasy, Romance",234815,"1998-11-02","Martin Brest"
345,"tt0115433","2021-07-19","2021-07-19",NA,"101 Dalmatians","https://www.imdb.com/title/tt0115433/","movie",5.7,103,1996,"Adventure, Comedy, Crime, Family",110291,"1996-11-18","Stephen Herek"
346,"tt0112462","2021-07-19","2021-07-19",NA,"Batman Forever","https://www.imdb.com/title/tt0112462/","movie",5.4,121,1995,"Action, Adventure",250364,"1995-06-09","Joel Schumacher"
347,"tt0106701","2021-07-19","2021-07-19",NA,"Dennis the Menace","https://www.imdb.com/title/tt0106701/","movie",5.6,94,1993,"Comedy, Family",60909,"1993-06-24","Nick Castle"
348,"tt0172493","2021-07-19","2021-07-19",NA,"Girl, Interrupted","https://www.imdb.com/title/tt0172493/","movie",7.3,127,1999,"Biography, Drama",181228,"1999-12-08","James Mangold"
349,"tt0120094","2021-07-19","2021-07-19",NA,"Selena","https://www.imdb.com/title/tt0120094/","movie",6.8,127,1997,"Biography, Drama, Music",28613,"1997-03-21","Gregory Nava"
350,"tt0119345","2021-07-19","2021-07-19",NA,"I Know What You Did Last Summer","https://www.imdb.com/title/tt0119345/","movie",5.8,101,1997,"Horror, Mystery",144089,"1997-10-09","Jim Gillespie"
351,"tt0120686","2021-07-19","2021-07-19",NA,"Stepmom","https://www.imdb.com/title/tt0120686/","movie",6.8,125,1998,"Comedy, Drama",67216,"1998-12-15","Chris Columbus"
352,"tt0119141","2021-07-19","2021-07-19",NA,"Fools Rush In","https://www.imdb.com/title/tt0119141/","movie",6.1,109,1997,"Comedy, Drama, Romance",35590,"1997-02-14","Andy Tennant"
353,"tt0109813","2021-07-19","2021-07-19",NA,"The Flintstones","https://www.imdb.com/title/tt0109813/","movie",4.9,91,1994,"Comedy, Family, Fantasy",80817,"1994-05-23","Brian Levant"
354,"tt0164912","2021-07-19","2021-07-19",NA,"Stuart Little","https://www.imdb.com/title/tt0164912/","movie",6,84,1999,"Adventure, Comedy, Family, Fantasy",133291,"1999-12-05","Rob Minkoff"
355,"tt0113820","2021-07-19","2021-07-19",NA,"Mighty Morphin Power Rangers: The Movie","https://www.imdb.com/title/tt0113820/","movie",5.2,95,1995,"Action, Adventure, Family, Sci-Fi, Thriller",27231,"1995-06-30","Bryan Spicer"
356,"tt0119190","2021-07-19","2021-07-19",NA,"George of the Jungle","https://www.imdb.com/title/tt0119190/","movie",5.5,92,1997,"Action, Adventure, Comedy, Family, Romance",76931,"1997-07-16","Sam Weisman"
357,"tt0139699","2021-07-19","2021-07-19",NA,"Varsity Blues","https://www.imdb.com/title/tt0139699/","movie",6.5,106,1999,"Comedy, Drama, Romance, Sport",45687,"1999-01-15","Brian Robbins"
358,"tt0119215","2021-07-19","2021-07-19",NA,"Good Burger","https://www.imdb.com/title/tt0119215/","movie",5.7,95,1997,"Comedy, Family",28931,"1997-07-21","Brian Robbins"
359,"tt0112461","2021-07-19","2021-07-19",NA,"The Basketball Diaries","https://www.imdb.com/title/tt0112461/","movie",7.3,102,1995,"Biography, Crime, Drama, Sport",109829,"1995-01-27","Scott Kalvert"
360,"tt0120746","2021-07-19","2021-07-19",NA,"The Mask of Zorro","https://www.imdb.com/title/tt0120746/","movie",6.8,136,1998,"Action, Adventure, Comedy, Romance, Thriller, Western",181837,"1998-07-10","Martin Campbell"
361,"tt0120891","2021-07-19","2021-07-19",NA,"Wild Wild West","https://www.imdb.com/title/tt0120891/","movie",4.9,106,1999,"Action, Comedy, Sci-Fi, Western",160271,"1999-06-30","Barry Sonnenfeld"
362,"tt0143145","2021-07-19","2021-07-19",NA,"The World Is Not Enough","https://www.imdb.com/title/tt0143145/","movie",6.4,128,1999,"Action, Adventure, Thriller",198998,"1999-11-08","Michael Apted"
363,"tt0155267","2021-07-19","2021-07-19",NA,"The Thomas Crown Affair","https://www.imdb.com/title/tt0155267/","movie",6.8,113,1999,"Crime, Romance, Thriller",92869,"1999-07-27","John McTiernan"
364,"tt0120685","2021-07-19","2021-07-19",NA,"Godzilla","https://www.imdb.com/title/tt0120685/","movie",5.4,139,1998,"Action, Sci-Fi, Thriller",192072,"1998-05-18","Roland Emmerich"
365,"tt0103786","2021-07-19","2021-07-19",NA,"Beethoven","https://www.imdb.com/title/tt0103786/","movie",5.7,87,1992,"Comedy, Drama, Family",71136,"1992-04-03","Brian Levant"
366,"tt0110367","2021-07-19","2021-07-19",NA,"Little Women","https://www.imdb.com/title/tt0110367/","movie",7.3,115,1994,"Drama, Family, Romance",57807,"1994-12-21","Gillian Armstrong"
367,"tt0120744","2021-07-19","2021-07-19",NA,"The Man in the Iron Mask","https://www.imdb.com/title/tt0120744/","movie",6.5,132,1998,"Action, Adventure, Drama",165912,"1998-03-02","Randall Wallace"
368,"tt0109287","2021-07-19","2021-07-19",NA,"Blank Check","https://www.imdb.com/title/tt0109287/","movie",5.2,93,1994,"Comedy, Crime, Family",20537,"1994-02-11","Rupert Wainwright"
369,"tt0116311","2021-07-19","2021-07-19",NA,"First Kid","https://www.imdb.com/title/tt0116311/","movie",5.2,101,1996,"Comedy, Family",10925,"1996-08-30","David Mickey Evans"
370,"tt0110364","2021-07-19","2021-07-19",NA,"Little Giants","https://www.imdb.com/title/tt0110364/","movie",6.4,107,1994,"Comedy, Family, Sport",28576,"1994-10-14","Duwayne Dunham"
371,"tt0120102","2021-07-19","2021-07-19",NA,"Seven Years in Tibet","https://www.imdb.com/title/tt0120102/","movie",7.1,136,1997,"Adventure, Biography, Drama, History, War",142026,"1997-09-13","Jean-Jacques Annaud"
372,"tt0129290","2021-07-19","2021-07-19",NA,"Patch Adams","https://www.imdb.com/title/tt0129290/","movie",6.8,115,1998,"Biography, Comedy, Drama, Romance",112572,"1998-10-21","Tom Shadyac"
373,"tt0108071","2021-07-19","2021-07-19",NA,"The Secret Garden","https://www.imdb.com/title/tt0108071/","movie",7.3,101,1993,"Drama, Family, Fantasy",41170,"1993-08-13","Agnieszka Holland"
374,"tt0122690","2021-07-19","2021-07-19",NA,"Ronin","https://www.imdb.com/title/tt0122690/","movie",7.2,122,1998,"Action, Crime, Thriller",182160,"1998-09-12","John Frankenheimer"
375,"tt0120828","2021-07-19","2021-07-19",NA,"Six Days Seven Nights","https://www.imdb.com/title/tt0120828/","movie",5.8,102,1998,"Action, Adventure, Comedy, Romance",76746,"1998-06-12","Ivan Reitman"
376,"tt0120738","2021-07-19","2021-07-19",NA,"Lost in Space","https://www.imdb.com/title/tt0120738/","movie",5.2,130,1998,"Action, Adventure, Family, Sci-Fi, Thriller",72270,"1998-04-03","Stephen Hopkins"
377,"tt0112792","2021-07-19","2021-07-19",NA,"Dangerous Minds","https://www.imdb.com/title/tt0112792/","movie",6.5,99,1995,"Biography, Drama",52346,"1995-08-11","John N. Smith"
378,"tt0117509","2021-07-19","2021-07-19",NA,"Romeo + Juliet","https://www.imdb.com/title/tt0117509/","movie",6.7,120,1996,"Drama, Romance",225321,"1996-10-27","Baz Luhrmann"
379,"tt0120889","2021-07-19","2021-07-19",NA,"What Dreams May Come","https://www.imdb.com/title/tt0120889/","movie",6.9,113,1998,"Drama, Fantasy, Romance",108018,"1998-09-28","Vincent Ward"
380,"tt0132477","2021-07-19","2021-07-19",NA,"October Sky","https://www.imdb.com/title/tt0132477/","movie",7.8,108,1999,"Biography, Drama, Family",89760,"1999-02-19","Joe Johnston"
381,"tt0110989","2021-07-19","2021-07-19",NA,"Ri¢hie Ri¢h","https://www.imdb.com/title/tt0110989/","movie",5.4,95,1994,"Comedy, Family",68665,"1994-12-19","Donald Petrie"
382,"tt0120185","2021-07-19","2021-07-19",NA,"Spice World","https://www.imdb.com/title/tt0120185/","movie",3.5,93,1997,"Comedy, Family, Music",35807,"1997-12-15","Bob Spiers"
383,"tt0112572","2021-07-19","2021-07-19",NA,"The Brady Bunch Movie","https://www.imdb.com/title/tt0112572/","movie",6.1,90,1995,"Comedy",22359,"1995-02-17","Betty Thomas"
384,"tt0116136","2021-07-19","2021-07-19",NA,"DragonHeart","https://www.imdb.com/title/tt0116136/","movie",6.4,103,1996,"Action, Adventure, Fantasy",96771,"1996-05-31","Rob Cohen"
385,"tt0120188","2021-07-19","2021-07-19",NA,"Three Kings","https://www.imdb.com/title/tt0120188/","movie",7.1,114,1999,"Action, Adventure, Comedy, Drama, War",169855,"1999-09-27","David O. Russell"
386,"tt0120632","2021-07-19","2021-07-19",NA,"City of Angels","https://www.imdb.com/title/tt0120632/","movie",6.7,114,1998,"Drama, Fantasy, Romance",119690,"1998-04-10","Brad Silberling"
387,"tt0116669","2021-07-19","2021-07-19",NA,"Jack","https://www.imdb.com/title/tt0116669/","movie",5.8,113,1996,"Comedy, Drama, Fantasy",60400,"1996-07-30","Francis Ford Coppola"
388,"tt0182789","2021-07-19","2021-07-19",NA,"Bicentennial Man","https://www.imdb.com/title/tt0182789/","movie",6.9,132,1999,"Comedy, Drama, Sci-Fi",116408,"1999-12-13","Chris Columbus"
389,"tt0119715","2021-07-19","2021-07-19",NA,"Mousehunt","https://www.imdb.com/title/tt0119715/","movie",6.5,98,1997,"Comedy",56288,"1997-12-19","Gore Verbinski"
390,"tt0119314","2021-07-19","2021-07-19",NA,"The Horse Whisperer","https://www.imdb.com/title/tt0119314/","movie",6.7,169,1998,"Drama, Romance, Western",41136,"1998-05-15","Robert Redford"
391,"tt0118661","2021-07-19","2021-07-19",NA,"The Avengers","https://www.imdb.com/title/tt0118661/","movie",3.8,89,1998,"Action, Adventure, Sci-Fi, Thriller",43700,"1998-08-13","Jeremiah S. Chechik"
392,"tt0110657","2021-07-19","2021-07-19",NA,"The Next Karate Kid","https://www.imdb.com/title/tt0110657/","movie",4.5,107,1994,"Action, Drama, Family, Romance, Sport",30219,"1994-08-03","Christopher Cain"
393,"tt0178737","2021-07-19","2021-07-19",NA,"Mansfield Park","https://www.imdb.com/title/tt0178737/","movie",7,112,1999,"Comedy, Drama, Romance",23845,"1999-08-27","Patricia Rozema"
394,"tt0110763","2021-07-19","2021-07-19",NA,"The Pagemaster","https://www.imdb.com/title/tt0110763/","movie",6.1,80,1994,"Animation, Adventure, Comedy, Family, Fantasy",23350,"1994-11-23","Pixote Hunt, Joe Johnston"
395,"tt0104437","2021-07-19","2021-07-19",NA,"Honey, I Blew Up the Kid","https://www.imdb.com/title/tt0104437/","movie",4.8,89,1992,"Adventure, Comedy, Family, Romance, Sci-Fi",44034,"1992-07-17","Randal Kleiser"
396,"tt0112302","2021-07-19","2021-07-19",NA,"Tom and Huck","https://www.imdb.com/title/tt0112302/","movie",5.5,97,1995,"Adventure, Comedy, Drama, Family, Romance, Western",10801,"1995-12-22","Peter Hewitt"
397,"tt0163187","2021-07-19","2021-07-19",NA,"Runaway Bride","https://www.imdb.com/title/tt0163187/","movie",5.5,116,1999,"Comedy, Romance",98026,"1999-07-25","Garry Marshall"
398,"tt0117038","2021-07-19","2021-07-19",NA,"Michael","https://www.imdb.com/title/tt0117038/","movie",5.7,105,1996,"Comedy, Drama, Fantasy",43069,"1996-12-25","Nora Ephron"
399,"tt0144168","2021-07-19","2021-07-19",NA,"Dick","https://www.imdb.com/title/tt0144168/","movie",6.2,94,1999,"Comedy",20000,"1999-07-23","Andrew Fleming"
400,"tt0119137","2021-07-19","2021-07-19",NA,"Flubber","https://www.imdb.com/title/tt0119137/","movie",5.3,93,1997,"Comedy, Family, Sci-Fi",89003,"1997-11-16","Les Mayfield"
401,"tt0119432","2021-07-19","2021-07-19",NA,"Jungle 2 Jungle","https://www.imdb.com/title/tt0119432/","movie",5.1,105,1997,"Comedy, Family",24286,"1997-03-07","John Pasquin"
402,"tt0118747","2021-07-19","2021-07-19",NA,"Blues Brothers 2000","https://www.imdb.com/title/tt0118747/","movie",4.9,123,1998,"Action, Comedy, Crime, Music, Musical",33236,"1998-02-06","John Landis"
403,"tt0112435","2021-07-19","2021-07-19",NA,"The Baby-Sitters Club","https://www.imdb.com/title/tt0112435/","movie",5.7,94,1995,"Comedy, Drama, Family",5795,"1995-08-18","Melanie Mayron"
404,"tt0118755","2021-07-19","2021-07-19",NA,"The Borrowers","https://www.imdb.com/title/tt0118755/","movie",5.8,89,1997,"Adventure, Comedy, Family, Fantasy",22327,"1997-12-03","Peter Hewitt"
405,"tt0167427","2021-07-19","2021-07-19",NA,"Superstar","https://www.imdb.com/title/tt0167427/","movie",5.1,81,1999,"Comedy, Romance",19109,"1999-10-05","Bruce McCulloch"
406,"tt0116756","2021-07-19","2021-07-19",NA,"Kazaam","https://www.imdb.com/title/tt0116756/","movie",3,93,1996,"Comedy, Family, Fantasy, Musical",24357,"1996-07-17","Paul Michael Glaser"
407,"tt0116322","2021-07-19","2021-07-19",NA,"Flipper","https://www.imdb.com/title/tt0116322/","movie",5.3,95,1996,"Adventure, Family",10995,"1996-05-17","Shelly Hatton, Alan Shapiro"
408,"tt0134618","2021-07-19","2021-07-19",NA,"Mystery, Alaska","https://www.imdb.com/title/tt0134618/","movie",6.7,119,1999,"Comedy, Drama, Sport",27001,"1999-10-01","Jay Roach"
409,"tt0113114","2021-07-19","2021-07-19",NA,"Free Willy 2: The Adventure Home","https://www.imdb.com/title/tt0113114/","movie",5,95,1995,"Adventure, Drama, Family",18381,"1995-07-19","Dwight H. Little"
410,"tt0141098","2021-07-19","2021-07-19",NA,"Forces of Nature","https://www.imdb.com/title/tt0141098/","movie",5.5,105,1999,"Comedy, Romance",34186,"1999-03-12","Bronwen Hughes"
411,"tt0166396","2021-07-19","2021-07-19",NA,"Waking Ned","https://www.imdb.com/title/tt0166396/","movie",7.3,91,1998,"Comedy",26483,"1998-09-15","Kirk Jones"
412,"tt0110363","2021-07-19","2021-07-19",NA,"Little Big League","https://www.imdb.com/title/tt0110363/","movie",6.1,119,1994,"Comedy, Family, Sport",10803,"1994-06-29","Andrew Scheinman"
413,"tt0116493","2021-07-19","2021-07-19",NA,"Harriet the Spy","https://www.imdb.com/title/tt0116493/","movie",5.9,100,1996,"Comedy, Drama, Family",10299,"1996-07-10","Bronwen Hughes"
414,"tt0166485","2021-07-19","2021-07-19",NA,"Anna and the King","https://www.imdb.com/title/tt0166485/","movie",6.7,148,1999,"Drama, History, Romance",37229,"1999-12-06","Andy Tennant"
415,"tt0119670","2021-07-19","2021-07-19",NA,"The Mighty","https://www.imdb.com/title/tt0119670/","movie",7.2,100,1998,"Comedy, Drama",13091,"1998-05-31","Peter Chelsom"
416,"tt0117372","2021-07-19","2021-07-19",NA,"The Preacher's Wife","https://www.imdb.com/title/tt0117372/","movie",5.6,123,1996,"Comedy, Drama, Fantasy, Romance",12283,"1996-12-13","Penny Marshall"
417,"tt0109120","2021-07-19","2021-07-19",NA,"Andre","https://www.imdb.com/title/tt0109120/","movie",5.6,95,1994,"Adventure, Drama, Family",6840,"1994-08-17","George Miller"
418,"tt0113188","2021-07-19","2021-07-19",NA,"Gold Diggers: The Secret of Bear Mountain","https://www.imdb.com/title/tt0113188/","movie",5.9,94,1995,"Adventure, Drama, Family, Mystery",4556,"1995-11-03","Kevin James Dobson"
419,"tt0110157","2021-07-19","2021-07-19",NA,"Iron Will","https://www.imdb.com/title/tt0110157/","movie",6.6,108,1994,"Adventure, Family",8576,"1994-01-14","Charles Haid"
420,"tt0114108","2021-07-19","2021-07-19",NA,"The Pebble and the Penguin","https://www.imdb.com/title/tt0114108/","movie",5.5,74,1995,"Animation, Adventure, Comedy, Family, Musical",5066,"1995-04-12","Don Bluth, Gary Goldman"
421,"tt0120834","2021-07-19","2021-07-19",NA,"Snow Falling on Cedars","https://www.imdb.com/title/tt0120834/","movie",6.8,127,1999,"Drama, Mystery, Romance, Thriller",14132,"1999-09-12","Scott Hicks"
422,"tt0110557","2021-07-19","2021-07-19",NA,"Monkey Trouble","https://www.imdb.com/title/tt0110557/","movie",5.3,96,1994,"Adventure, Comedy, Crime, Family",6798,"1994-03-18","Franco Amurri"
423,"tt0120317","2021-07-19","2021-07-19",NA,"That Darn Cat","https://www.imdb.com/title/tt0120317/","movie",4.6,89,1997,"Action, Comedy, Crime, Family, Mystery",4444,"1997-02-14","Bob Spiers"
424,"tt0210234","2021-07-19","2021-07-19",NA,"Gekijô-ban poketto monsutâ: Maboroshi no pokemon: Rugia bakutan","https://www.imdb.com/title/tt0210234/","movie",6,84,1999,"Animation, Action, Adventure, Family, Fantasy",22169,"1999-07-17","Michael Haigney, Kunihiko Yuyama"
425,"tt0119509","2021-07-19","2021-07-19",NA,"Leave It to Beaver","https://www.imdb.com/title/tt0119509/","movie",5.1,84,1997,"Comedy, Family",4300,"1997-08-22","Andy Cadiff"
426,"tt3554046","2021-07-19","2021-07-19",NA,"Space Jam: A New Legacy","https://www.imdb.com/title/tt3554046/","movie",4.4,115,2021,"Animation, Adventure, Comedy, Family, Fantasy, Sci-Fi, Sport",68633,"2021-07-12","Malcolm D. Lee"
427,"tt0300051","2021-07-19","2021-07-19",NA,"Jersey Girl","https://www.imdb.com/title/tt0300051/","movie",6.2,102,2004,"Comedy, Drama, Romance",65952,"2004-03-09","Kevin Smith"
428,"tt0870111","2021-07-19","2021-07-19",NA,"Frost/Nixon","https://www.imdb.com/title/tt0870111/","movie",7.7,122,2008,"Biography, Drama, History",107552,"2008-10-15","Ron Howard"
429,"tt0243736","2021-07-19","2021-07-19",NA,"40 Days and 40 Nights","https://www.imdb.com/title/tt0243736/","movie",5.6,96,2002,"Comedy, Romance",73368,"2002-03-01","Michael Lehmann"
430,"tt1230414","2021-07-19","2021-07-19",NA,"It's Complicated","https://www.imdb.com/title/tt1230414/","movie",6.5,121,2009,"Comedy, Drama, Romance",91925,"2009-12-10","Nancy Meyers"
431,"tt0385267","2021-07-19","2021-07-19",NA,"In Good Company","https://www.imdb.com/title/tt0385267/","movie",6.5,110,2004,"Comedy, Drama, Romance",55129,"2004-12-06","Paul Weitz"
432,"tt0804497","2021-07-19","2021-07-19",NA,"It's Kind of a Funny Story","https://www.imdb.com/title/tt0804497/","movie",7.1,101,2010,"Comedy, Drama, Romance",142476,"2010-07-02","Anna Boden, Ryan Fleck"
433,"tt0387514","2021-07-19","2021-07-19",NA,"Prime","https://www.imdb.com/title/tt0387514/","movie",6.2,105,2005,"Comedy, Drama, Romance",40954,"2005-09-21","Ben Younger"
434,"tt0398375","2021-07-19","2021-07-19",NA,"Rumor Has It...","https://www.imdb.com/title/tt0398375/","movie",5.5,97,2005,"Comedy, Drama, Romance",58029,"2005-12-22","Rob Reiner"
435,"tt1000774","2021-07-19","2021-07-19",NA,"Sex and the City","https://www.imdb.com/title/tt1000774/","movie",5.6,145,2008,"Comedy, Drama, Romance",121627,"2008-05-12","Michael Patrick King"
436,"tt1033643","2021-07-19","2021-07-19",NA,"What Happens in Vegas","https://www.imdb.com/title/tt1033643/","movie",6.1,99,2008,"Comedy, Romance",175105,"2008-04-22","Tom Vaughan"
437,"tt3892172","2021-07-22","2021-07-22",NA,"Leave No Trace","https://www.imdb.com/title/tt3892172/","movie",7.1,109,2018,"Adventure, Drama",57957,"2018-01-20","Debra Granik"
438,"tt10954652","2021-07-23","2021-07-23",NA,"Old","https://www.imdb.com/title/tt10954652/","movie",5.8,108,2021,"Drama, Horror, Mystery, Thriller",101085,"2021-07-21","M. Night Shyamalan"
439,"tt6663582","2021-07-24","2021-07-24",NA,"The Spy Who Dumped Me","https://www.imdb.com/title/tt6663582/","movie",6,117,2018,"Action, Adventure, Comedy",76628,"2018-07-25","Susanna Fogel"
440,"tt0183790","2021-07-24","2021-07-24",NA,"A Knight's Tale","https://www.imdb.com/title/tt0183790/","movie",6.9,132,2001,"Action, Adventure, Romance",184438,"2001-03-08","Brian Helgeland"
441,"tt0110687","2021-07-24","2021-07-24",NA,"North","https://www.imdb.com/title/tt0110687/","movie",4.5,87,1994,"Adventure, Comedy, Drama, Family, Fantasy",14017,"1994-07-22","Rob Reiner"
442,"tt6294822","2021-07-24","2021-07-24",NA,"The Post","https://www.imdb.com/title/tt6294822/","movie",7.2,116,2017,"Drama",148730,"2017-12-14","Steven Spielberg"
443,"tt3224458","2021-07-24","2021-07-24",NA,"A Beautiful Day in the Neighborhood","https://www.imdb.com/title/tt3224458/","movie",7.3,109,2019,"Biography, Drama",77241,"2019-09-07","Marielle Heller"
444,"tt6394270","2021-07-24","2021-07-24",NA,"Bombshell","https://www.imdb.com/title/tt6394270/","movie",6.8,109,2019,"Biography, Drama",111664,"2019-12-13","Jay Roach"
445,"tt6791096","2021-07-24","2021-07-24",NA,"I Feel Pretty","https://www.imdb.com/title/tt6791096/","movie",5.6,110,2018,"Comedy, Romance",53360,"2018-04-19","Abby Kohn, Marc Silverstein"
446,"tt2267998","2021-07-24","2021-07-24",NA,"Gone Girl","https://www.imdb.com/title/tt2267998/","movie",8.1,149,2014,"Drama, Mystery, Thriller",953298,"2014-09-26","David Fincher"
447,"tt1174732","2021-07-28","2021-07-28",NA,"An Education","https://www.imdb.com/title/tt1174732/","movie",7.3,100,2009,"Drama",133357,"2009-01-18","Lone Scherfig"
448,"tt2446980","2021-07-28","2021-07-28",NA,"Joy","https://www.imdb.com/title/tt2446980/","movie",6.6,124,2015,"Biography, Drama",135546,"2015-12-13","David O. Russell"
449,"tt1399683","2021-07-28","2021-07-28",NA,"Winter's Bone","https://www.imdb.com/title/tt1399683/","movie",7.1,100,2010,"Drama, Mystery",142269,"2010-01-21","Debra Granik"
450,"tt1126590","2021-07-28","2021-07-28",NA,"Big Eyes","https://www.imdb.com/title/tt1126590/","movie",7,106,2014,"Biography, Crime, Drama, Romance",92043,"2014-11-13","Tim Burton"
451,"tt0376541","2021-07-28","2021-07-28",NA,"Closer","https://www.imdb.com/title/tt0376541/","movie",7.2,104,2004,"Drama, Romance",216043,"2004-11-22","Mike Nichols"
452,"tt0241025","2021-07-31","2021-07-31",NA,"Vanity Fair","https://www.imdb.com/title/tt0241025/","movie",6.2,141,2004,"Drama",22563,"2004-09-01","Mira Nair"
453,"tt0309530","2021-07-31","2021-07-31",NA,"Down with Love","https://www.imdb.com/title/tt0309530/","movie",6.3,101,2003,"Comedy, Romance",41514,"2003-05-09","Peyton Reed"
454,"tt0332375","2021-07-31","2021-07-31",NA,"Saved!","https://www.imdb.com/title/tt0332375/","movie",6.7,92,2004,"Comedy, Drama",46538,"2004-01-21","Brian Dannelly"
455,"tt0467200","2021-07-31","2021-07-31",NA,"The Other Boleyn Girl","https://www.imdb.com/title/tt0467200/","movie",6.7,115,2008,"Biography, Drama, History, Romance",112003,"2008-02-15","Justin Chadwick"
456,"tt1823672","2021-07-31","2021-07-31",NA,"Chappie","https://www.imdb.com/title/tt1823672/","movie",6.8,120,2015,"Action, Crime, Drama, Sci-Fi, Thriller",247693,"2015-03-04","Neill Blomkamp"
457,"tt0067992","2021-08-09","2021-08-09",NA,"Willy Wonka & the Chocolate Factory","https://www.imdb.com/title/tt0067992/","movie",7.8,100,1971,"Family, Fantasy, Musical",196926,"1971-06-28","Mel Stuart"
458,"tt10944596","2021-08-17","2021-08-17",NA,"Here Today","https://www.imdb.com/title/tt10944596/","movie",6.6,93,2021,"Comedy, Drama",3846,"2021-05-07","Billy Crystal"
459,"tt8760280","2021-08-17","2021-08-17",NA,"Finding You","https://www.imdb.com/title/tt8760280/","movie",6.3,119,2020,"Drama, Romance",4505,"2020-10-14","Brian Baugh"
460,"tt1100089","2021-08-20","2021-08-20",NA,"Foxcatcher","https://www.imdb.com/title/tt1100089/","movie",7,134,2014,"Biography, Drama, History, Sport",141641,"2014-05-19","Bennett Miller"
461,"tt3203606","2021-08-20","2021-08-20",NA,"Trumbo","https://www.imdb.com/title/tt3203606/","movie",7.4,124,2015,"Biography, Drama",80911,"2015-09-12","Jay Roach"
462,"tt0329575","2021-08-20","2021-08-20",NA,"Seabiscuit","https://www.imdb.com/title/tt0329575/","movie",7.3,140,2003,"Drama, History, Sport",72468,"2003-07-22","Gary Ross"
463,"tt7681902","2021-08-20","2021-08-20",NA,"Won't You Be My Neighbor?","https://www.imdb.com/title/tt7681902/","movie",8.3,95,2018,"Documentary, Biography",25318,"2018-01-19","Morgan Neville"
464,"tt5715874","2021-08-20","2021-08-20",NA,"The Killing of a Sacred Deer","https://www.imdb.com/title/tt5715874/","movie",7,121,2017,"Drama, Horror, Mystery, Thriller",148528,"2017-05-22","Yorgos Lanthimos"
465,"tt3402236","2021-08-20","2021-08-20",NA,"Murder on the Orient Express","https://www.imdb.com/title/tt3402236/","movie",6.5,114,2017,"Crime, Drama, Mystery",248912,"2017-11-03","Kenneth Branagh"
466,"tt7689964","2021-08-20","2021-08-20",NA,"RBG","https://www.imdb.com/title/tt7689964/","movie",7.6,98,2018,"Documentary, Biography",14164,"2018-01-21","Julie Cohen, Betsy West"
467,"tt0328538","2021-08-20","2021-08-20",NA,"Thirteen","https://www.imdb.com/title/tt0328538/","movie",6.8,100,2003,"Drama",86403,"2003-01-17","Catherine Hardwicke"
468,"tt0390521","2021-08-20","2021-08-20",NA,"Super Size Me","https://www.imdb.com/title/tt0390521/","movie",7.2,100,2004,"Documentary",107855,"2004-01-17","Morgan Spurlock"
469,"tt0361596","2021-08-20","2021-08-20",NA,"Fahrenheit 9/11","https://www.imdb.com/title/tt0361596/","movie",7.5,122,2004,"Documentary, Drama, War",129218,"2004-05-17","Michael Moore"
470,"tt5278596","2021-08-20","2021-08-20",NA,"Weiner","https://www.imdb.com/title/tt5278596/","movie",7.6,96,2016,"Documentary",10198,"2016-01-24","Josh Kriegman, Elyse Steinberg"
471,"tt0815241","2021-08-20","2021-08-20",NA,"Religulous","https://www.imdb.com/title/tt0815241/","movie",7.6,101,2008,"Documentary, Comedy, War",59018,"2008-08-01","Larry Charles"
472,"tt9347730","2021-08-31","2021-08-31",NA,"Candyman","https://www.imdb.com/title/tt9347730/","movie",5.9,91,2021,"Horror, Thriller",56475,"2021-08-22","Nia DaCosta"
473,"tt9376612","2021-09-06","2021-09-06",NA,"Shang-Chi and the Legend of the Ten Rings","https://www.imdb.com/title/tt9376612/","movie",7.4,132,2021,"Action, Adventure, Fantasy, Sci-Fi",353999,"2021-08-16","Destin Daniel Cretton"
474,"tt11225756","2021-09-06","2021-09-06",NA,"The Lost Leonardo","https://www.imdb.com/title/tt11225756/","movie",7.5,96,2021,"Documentary, Mystery",1190,"2021-06-13","Andreas Koefoed"
475,"tt0113568","2021-09-16","2021-09-16",NA,"Kôkaku Kidôtai","https://www.imdb.com/title/tt0113568/","movie",7.9,83,1995,"Animation, Action, Crime, Drama, Mystery, Sci-Fi, Thriller",140494,"1995-09-23","Mamoru Oshii"
476,"tt0390221","2021-09-17","2021-09-17",NA,"Maria Full of Grace","https://www.imdb.com/title/tt0390221/","movie",7.4,101,2004,"Crime, Drama",35036,"2004-01-18","Joshua Marston"
477,"tt0301357","2021-09-17","2021-09-17",NA,"Good Bye Lenin!","https://www.imdb.com/title/tt0301357/","movie",7.7,121,2003,"Comedy, Drama, Romance",144999,"2003-02-09","Wolfgang Becker"
478,"tt1785612","2021-09-17","2021-09-17",NA,"The Punk Singer","https://www.imdb.com/title/tt1785612/","movie",7.4,81,2013,"Documentary, Biography, Music",2907,"2013-03-10","Sini Anderson"
479,"tt0200550","2021-09-17","2021-09-17",NA,"Coyote Ugly","https://www.imdb.com/title/tt0200550/","movie",5.7,100,2000,"Comedy, Drama, Music, Romance",113434,"2000-07-31","David McNally"
480,"tt0462200","2021-09-17","2021-09-17",NA,"Black Snake Moan","https://www.imdb.com/title/tt0462200/","movie",6.9,116,2006,"Drama, Music",63495,"2006-12-09","Craig Brewer"
481,"tt1068242","2021-09-17","2021-09-17",NA,"Footloose","https://www.imdb.com/title/tt1068242/","movie",5.8,113,2011,"Comedy, Drama, Music, Romance",48788,"2011-10-06","Craig Brewer"
482,"tt0372588","2021-09-17","2021-09-17",NA,"Team America: World Police","https://www.imdb.com/title/tt0372588/","movie",7.2,98,2004,"Action, Comedy",167837,"2004-10-11","Trey Parker"
483,"tt0074285","2021-09-17","2021-09-17",NA,"Carrie","https://www.imdb.com/title/tt0074285/","movie",7.4,98,1976,"Horror, Mystery",182878,"1976-10-30","Brian De Palma"
484,"tt0086066","2021-09-17","2021-09-17",NA,"The Outsiders","https://www.imdb.com/title/tt0086066/","movie",7.1,91,1983,"Crime, Drama",84435,"1983-03-22","Francis Ford Coppola"
485,"tt0133152","2021-09-18","2021-09-18",NA,"Planet of the Apes","https://www.imdb.com/title/tt0133152/","movie",5.7,119,2001,"Action, Adventure, Sci-Fi, Thriller",218347,"2001-07-26","Tim Burton"
486,"tt1261945","2021-09-18","2021-09-18",NA,"Sex and the City 2","https://www.imdb.com/title/tt1261945/","movie",4.5,146,2010,"Comedy, Drama, Romance",79330,"2010-05-27","Michael Patrick King"
487,"tt0171580","2021-09-18","2021-09-18",NA,"Nurse Betty","https://www.imdb.com/title/tt0171580/","movie",6.3,110,2000,"Comedy, Crime, Drama, Romance",35142,"2000-05-11","Neil LaBute"
488,"tt3152624","2021-09-18","2021-09-18",NA,"Trainwreck","https://www.imdb.com/title/tt3152624/","movie",6.2,125,2015,"Comedy, Drama, Romance",136284,"2015-07-10","Judd Apatow"
489,"tt0325805","2021-09-18","2021-09-18",NA,"Matchstick Men","https://www.imdb.com/title/tt0325805/","movie",7.3,116,2003,"Comedy, Crime, Drama, Thriller",130468,"2003-09-02","Ridley Scott"
490,"tt0283111","2021-09-18","2021-09-18",NA,"National Lampoon's Van Wilder","https://www.imdb.com/title/tt0283111/","movie",6.3,92,2002,"Comedy, Romance",109342,"2002-04-04","Walt Becker"
491,"tt0333780","2021-09-18","2021-09-18",NA,"Legally Blonde 2: Red, White & Blonde","https://www.imdb.com/title/tt0333780/","movie",4.7,95,2003,"Comedy",66559,"2003-06-30","Charles Herman-Wurmfeld"
492,"tt0191754","2021-09-18","2021-09-18",NA,"28 Days","https://www.imdb.com/title/tt0191754/","movie",6,103,2000,"Comedy, Drama",49320,"2000-02-08","Betty Thomas"
493,"tt0138749","2021-09-18","2021-09-18",NA,"The Road to El Dorado","https://www.imdb.com/title/tt0138749/","movie",6.9,89,2000,"Animation, Adventure, Comedy, Family, Fantasy, Musical, Romance",94359,"2000-03-31","Don Paul, Bibo Bergeron, Jeffrey Katzenberg"
494,"tt0256380","2021-09-18","2021-09-18",NA,"Shallow Hal","https://www.imdb.com/title/tt0256380/","movie",6,114,2001,"Comedy, Drama, Fantasy, Romance",133382,"2001-11-01","Bobby Farrelly, Peter Farrelly"
495,"tt2281587","2021-09-19","2021-09-19",NA,"Muppets Most Wanted","https://www.imdb.com/title/tt2281587/","movie",6.4,107,2014,"Adventure, Comedy, Crime, Family, Musical, Mystery",34315,"2014-03-11","James Bobin"
496,"tt2584384","2021-09-28","2021-09-28",NA,"Jojo Rabbit","https://www.imdb.com/title/tt2584384/","movie",7.9,108,2019,"Comedy, Drama, War",369600,"2019-09-08","Taika Waititi"
497,"tt7097896","2021-10-01","2021-10-01",NA,"Venom: Let There Be Carnage","https://www.imdb.com/title/tt7097896/","movie",5.9,97,2021,"Action, Adventure, Sci-Fi, Thriller",202719,"2021-09-14","Andy Serkis"
498,"tt1127180","2021-10-02","2021-10-02",NA,"Drag Me to Hell","https://www.imdb.com/title/tt1127180/","movie",6.6,99,2009,"Horror",200400,"2009-03-15","Sam Raimi"
499,"tt13087796","2021-10-03","2021-10-03",NA,"Ich bin dein Mensch","https://www.imdb.com/title/tt13087796/","movie",7.1,108,2021,"Comedy, Drama, Romance, Sci-Fi",7115,"2021-05-31","Maria Schrader"
500,"tt0236784","2021-10-17","2021-10-17",NA,"The Tailor of Panama","https://www.imdb.com/title/tt0236784/","movie",6.1,109,2001,"Comedy, Drama, Thriller",29447,"2001-02-11","John Boorman"
501,"tt0249462","2021-10-29","2021-10-29",NA,"Billy Elliot","https://www.imdb.com/title/tt0249462/","movie",7.7,110,2000,"Drama, Music",133817,"2000-05-19","Stephen Daldry"
502,"tt0457939","2021-12-07","2021-12-07",NA,"The Holiday","https://www.imdb.com/title/tt0457939/","movie",6.9,136,2006,"Comedy, Romance",280832,"2006-11-29","Nancy Meyers"
503,"tt10872600","2021-12-17","2021-12-17",NA,"Spider-Man: No Way Home","https://www.imdb.com/title/tt10872600/","movie",8.3,148,2021,"Action, Adventure, Fantasy, Sci-Fi",641363,"2021-12-13","Jon Watts"
504,"tt10838180","2021-12-29","2021-12-29",NA,"The Matrix Resurrections","https://www.imdb.com/title/tt10838180/","movie",5.7,148,2021,"Action, Sci-Fi",226182,"2021-12-16","Lana Wachowski"
505,"tt8356942","2022-01-09","2022-01-09",NA,"The 355","https://www.imdb.com/title/tt8356942/","movie",5.4,122,2022,"Action, Thriller",22931,"2022-01-05","Simon Kinberg"
506,"tt11245972","2022-01-21","2022-01-21",NA,"Scream","https://www.imdb.com/title/tt11245972/","movie",6.4,114,2022,"Horror, Mystery, Thriller",90591,"2022-01-12","Matt Bettinelli-Olpin, Tyler Gillett"
507,"tt10223460","2022-02-08","2022-02-08",NA,"Marry Me","https://www.imdb.com/title/tt10223460/","movie",6.1,112,2022,"Comedy, Music, Romance",22942,"2022-02-09","Kat Coiro"
508,"tt16899584","2022-02-10","2022-02-10",NA,"The Beatles: Get Back - The Rooftop Concert","https://www.imdb.com/title/tt16899584/","movie",9,65,2022,"Documentary, Music",884,"2022-01-30","Peter Jackson"
509,"tt11252248","2022-02-14","2022-02-14",NA,"Dog","https://www.imdb.com/title/tt11252248/","movie",6.5,101,2022,"Comedy, Drama",20215,"2022-02-14","Reid Carolin, Channing Tatum"
510,"tt0068828","2022-02-18","2022-02-18",NA,"Lady Sings the Blues","https://www.imdb.com/title/tt0068828/","movie",7,144,1972,"Biography, Drama, Music, Romance",4394,"1972-10-12","Sidney J. Furie"
511,"tt1464335","2022-02-18","2022-02-18",NA,"Uncharted","https://www.imdb.com/title/tt1464335/","movie",6.4,116,2022,"Action, Adventure",120818,"2022-02-08","Ruben Fleischer"
512,"tt1877830","2022-02-22","2022-02-22",NA,"The Batman","https://www.imdb.com/title/tt1877830/","movie",8,176,2022,"Action, Crime, Drama, Mystery",488660,"2022-03-01","Matt Reeves"
513,"tt13320622","2022-03-24","2022-03-24",NA,"The Lost City","https://www.imdb.com/title/tt13320622/","movie",6.2,112,2022,"Action, Adventure, Comedy, Romance",51825,"2022-03-12","Adam Nee, Aaron Nee"
514,"tt16727778","2022-03-27","2022-03-27",NA,"Anything Goes","https://www.imdb.com/title/tt16727778/","movie",7.6,159,2021,"Comedy, Musical, Romance",313,"2021-11-28","Kathleen Marshall, Ross MacGibbon"
515,"tt0068327","2022-03-30","2022-03-30",NA,"Cabaret","https://www.imdb.com/title/tt0068327/","movie",7.7,124,1972,"Drama, Music, Musical, Romance",54260,"1972-02-13","Bob Fosse"
516,"tt6710474","2022-03-30","2022-03-30",NA,"Everything Everywhere All at Once","https://www.imdb.com/title/tt6710474/","movie",8.4,139,2022,"Action, Adventure, Comedy, Fantasy, Sci-Fi",82101,"2022-03-11","Dan Kwan, Daniel Scheinert"
517,"tt12412888","2022-04-08","2022-04-08",NA,"Sonic the Hedgehog 2","https://www.imdb.com/title/tt12412888/","movie",6.6,122,2022,"Action, Adventure, Comedy, Family, Fantasy, Sci-Fi",38089,"2022-03-30","Jeff Fowler"
518,"tt11291274","2022-04-21","2022-04-21",NA,"The Unbearable Weight of Massive Talent","https://www.imdb.com/title/tt11291274/","movie",7.4,107,2022,"Action, Comedy, Crime, Thriller",21184,"2022-03-12","Tom Gormican"
519,"tt4123432","2022-04-27","2022-04-27",NA,"Fantastic Beasts: The Secrets of Dumbledore","https://www.imdb.com/title/tt4123432/","movie",6.4,142,2022,"Action, Adventure, Fantasy",64917,"2022-04-06","David Yates"
520,"tt1745960","2022-05-08","2022-05-08",NA,"Top Gun: Maverick","https://www.imdb.com/title/tt1745960/","movie",8.7,131,2022,"Action, Drama",39160,"2022-05-18","Joseph Kosinski"
521,"tt9419884","2022-05-14","2022-05-14",NA,"Doctor Strange in the Multiverse of Madness","https://www.imdb.com/title/tt9419884/","movie",7.3,126,2022,"Action, Adventure, Fantasy, Horror, Sci-Fi",181089,"2022-05-02","Sam Raimi"
522,"tt0492506","2022-05-23","2022-05-23",NA,"Wordplay","https://www.imdb.com/title/tt0492506/","movie",7.4,94,2006,"Documentary",3678,"2006-04-06","Patrick Creadon"
